Workbook
Name ________1736LAMA_Kota_Kabupaten: #REF!
Name ________1736LAMA_Kota_Kabupaten: #REF!
Name ________1736LAMA_Kota_Kabupaten: #REF!
Name ________1736LAMA_Kota_Kabupaten: #REF!
Name ________1736LAMA_Kota_Kabupaten: #REF!
Name ________1736LAMA_Kota_Kabupaten: #REF!
Name ________1736LAMA_Kota_Kabupaten: #REF!
Name ________1736LAMA_Kota_Kabupaten: #REF!
Name ________1736LAMA_Kota_Kabupaten: #REF!
Name ________1736LAMA_Kota_Kabupaten: #REF!
Name ________1736LAMA_Kota_Kabupaten: #REF!
Name ________1736LAMA_Kota_Kabupaten: #REF!
Name ________1736LAMA_Kota_Kabupaten: #REF!
Name ________1736LAMA_Kota_Kabupaten: #REF!
Name ________1736LAMA_Kota_Kabupaten: #REF!
Name ________1736LAMA_Kota_Kabupaten: #REF!
Name ________1736LAMA_Kota_Kabupaten: #REF!
Name ________1736LAMA_Kota_Kabupaten: #REF!
Name _______1736LAMA_Kota_Kabupaten: #REF!
Name _______1736LAMA_Kota_Kabupaten: #REF!
Name _______1736LAMA_Kota_Kabupaten: #REF!
Name _______1736LAMA_Kota_Kabupaten: #REF!
Name _______1736LAMA_Kota_Kabupaten: #REF!
Name _______1736LAMA_Kota_Kabupaten: #REF!
Name _______1736LAMA_Kota_Kabupaten: #REF!
Name _______1736LAMA_Kota_Kabupaten: #REF!
Name _______1736LAMA_Kota_Kabupaten: #REF!
Name _______1736LAMA_Kota_Kabupaten: #REF!
Name _______1736LAMA_Kota_Kabupaten: #REF!
Name _______1736LAMA_Kota_Kabupaten: #REF!
Name _______1736LAMA_Kota_Kabupaten: #REF!
Name _______1736LAMA_Kota_Kabupaten: #REF!
Name _______1736LAMA_Kota_Kabupaten: #REF!
Name _______1736LAMA_Kota_Kabupaten: #REF!
Name _______1736LAMA_Kota_Kabupaten: #REF!
Name _______1736LAMA_Kota_Kabupaten: #REF!
Name ______1736LAMA_Kota_Kabupaten: #REF!
Name ______1736LAMA_Kota_Kabupaten: #REF!
Name ______1736LAMA_Kota_Kabupaten: #REF!
Name ______1736LAMA_Kota_Kabupaten: #REF!
Name ______1736LAMA_Kota_Kabupaten: #REF!
Name ______1736LAMA_Kota_Kabupaten: #REF!
Name ______1736LAMA_Kota_Kabupaten: #REF!
Name ______1736LAMA_Kota_Kabupaten: #REF!
Name ______1736LAMA_Kota_Kabupaten: #REF!
Name ______1736LAMA_Kota_Kabupaten: #REF!
Name ______1736LAMA_Kota_Kabupaten: #REF!
Name ______1736LAMA_Kota_Kabupaten: #REF!
Name ______1736LAMA_Kota_Kabupaten: #REF!
Name ______1736LAMA_Kota_Kabupaten: #REF!
Name ______1736LAMA_Kota_Kabupaten: #REF!
Name ______1736LAMA_Kota_Kabupaten: #REF!
Name ______1736LAMA_Kota_Kabupaten: #REF!
Name ______1736LAMA_Kota_Kabupaten: #REF!
Name _____1736LAMA_Kota_Kabupaten: #REF!
Name _____1736LAMA_Kota_Kabupaten: #REF!
Name _____1736LAMA_Kota_Kabupaten: #REF!
Name _____1736LAMA_Kota_Kabupaten: #REF!
Name _____1736LAMA_Kota_Kabupaten: #REF!
Name _____1736LAMA_Kota_Kabupaten: #REF!

Sheet M1Bj_MjB1
A1: Kelurahan | C1: UMKM & Industri Lokal | D1: Akses ke Modal & Lembaga Keuangan | E1: Izin/Regulasi Mendukung | F1: Pasar & Distribusi | G1: Total | H1: Linguistik | I1: miu | J1: v
A2: MADIUN | N2: miu | O2: v | P2: SUM | S2: miu | T2: v | U2: SUM | X2: miu | Y2: v | Z2: SUM | AC2: miu | AD2: v | AE2: SUM | AH2: miu | AI2: v | AJ2: SUM | AM2: miu | AN2: v | AO2: SUM
A3: Kejuron | B3: M1 | C3: 2 | D3: 2 | E3: 2 | F3: 3 | G3: 9 | H3: CP | I3: =IF(H3="SP",0.9,IF(H3="P",0.7,IF(H3="CP",0.5,IF(H3="KP",0.3,0.1)))) -> 0.5 | J3: =IF(H3="SP",0.1,IF(H3="P",0.2,IF(H3="CP",0.3,IF(H3="KP",0.5,0.8)))) -> 0.3 | M3: M1B1 | N3: =ABS($I$3-I11) -> 0.2 | O3: =ABS($J$3-J11) -> 0.2 | P3: =N3+O3 -> 0.4 | R3: M2B1 | S3: =ABS($I$4-I11) -> 0 | T3: =ABS($J$4-J11) -> 0 | U3: =S3+T3 -> 0 | W3: M3B1 | X3: =ABS($I$5-I11) -> 0.4 | Y3: =ABS($J$5-J11) -> 0.3 | Z3: =X3+Y3 -> 0.7 | AB3: M4B1 | AC3: =ABS($I$6-I11) -> 0.2 | AD3: =ABS($J$6-J11) -> 0.3 | AE3: =AC3+AD3 -> 0.5 | AG3: M5B1 | AH3: =ABS($I$7-I11) -> 0.2 | AI3: =ABS($J$7-J11) -> 0.2 | AJ3: =AH3+AI3 -> 0.4 | AL3: M6B1 | AM3: =ABS($I$8-I11) -> 0.4 | AN3: =ABS($J$8-J11) -> 0.3 | AO3: =AM3+AN3 -> 0.7
A4: Kelun | B4: M2 | C4: 4 | D4: 3 | E4: 4 | F4: 4 | G4: 15 | H4: KP | I4: =IF(H4="SP",0.9,IF(H4="P",0.7,IF(H4="CP",0.5,IF(H4="KP",0.3,0.1)))) -> 0.3 | J4: =IF(H4="SP",0.1,IF(H4="P",0.2,IF(H4="CP",0.3,IF(H4="KP",0.5,0.8)))) -> 0.5 | M4: M1B2 | N4: =ABS($I$3-I12) -> 0 | O4: =ABS($J$3-J12) -> 0 | P4: =N4+O4 -> 0 | R4: M2B2 | S4: =ABS($I$4-I12) -> 0.2 | T4: =ABS($J$4-J12) -> 0.2 | U4: =S4+T4 -> 0.4 | W4: M3B2 | X4: =ABS($I$5-I12) -> 0.2 | Y4: =ABS($J$5-J12) -> 0.1 | Z4: =X4+Y4 -> 0.3 | AB4: M4B2 | AC4: =ABS($I$6-I12) -> 0.4 | AD4: =ABS($J$6-J12) -> 0.5 | AE4: =AC4+AD4 -> 0.9 | AG4: M5B2 | AH4: =ABS($I$7-I12) -> 0 | AI4: =ABS($J$7-J12) -> 0 | AJ4: =AH4+AI4 -> 0 | AL4: M6B2 | AM4: =ABS($I$8-I12) -> 0.2 | AN4: =ABS($J$8-J12) -> 0.1 | AO4: =AM4+AN4 -> 0.3
A5: Nambangan kidul | B5: M3 | C5: 1 | D5: 2 | E5: 2 | F5: 2 | G5: 8 | H5: P | I5: =IF(H5="SP",0.9,IF(H5="P",0.7,IF(H5="CP",0.5,IF(H5="KP",0.3,0.1)))) -> 0.7 | J5: =IF(H5="SP",0.1,IF(H5="P",0.2,IF(H5="CP",0.3,IF(H5="KP",0.5,0.8)))) -> 0.2 | M5: M1B3 | N5: =ABS($I$3-I13) -> 0 | O5: =ABS($J$3-J13) -> 0 | P5: =N5+O5 -> 0 | R5: M2B3 | S5: =ABS($I$4-I13) -> 0.2 | T5: =ABS($J$4-J13) -> 0.2 | U5: =S5+T5 -> 0.4 | W5: M3B3 | X5: =ABS($I$5-I13) -> 0.2 | Y5: =ABS($J$5-J13) -> 0.1 | Z5: =X5+Y5 -> 0.3 | AB5: M4B3 | AC5: =ABS($I$6-I13) -> 0.4 | AD5: =ABS($J$6-J13) -> 0.5 | AE5: =AC5+AD5 -> 0.9 | AG5: M5B3 | AH5: =ABS($I$7-I13) -> 0 | AI5: =ABS($J$7-J13) -> 0 | AJ5: =AH5+AI5 -> 0 | AL5: M6B3 | AM5: =ABS($I$8-I13) -> 0.2 | AN5: =ABS($J$8-J13) -> 0.1 | AO5: =AM5+AN5 -> 0.3
A6: Nambangan Lor | B6: M4 | C6: 5 | D6: 5 | E6: 5 | F6: 4 | G6: 19 | H6: TP | I6: =IF(H6="SP",0.9,IF(H6="P",0.7,IF(H6="CP",0.5,IF(H6="KP",0.3,0.1)))) -> 0.1 | J6: =IF(H6="SP",0.1,IF(H6="P",0.2,IF(H6="CP",0.3,IF(H6="KP",0.5,0.8)))) -> 0.8 | M6: M1B4 | N6: =ABS($I$3-I14) -> 0 | O6: =ABS($J$3-J14) -> 0 | P6: =N6+O6 -> 0 | R6: M2B4 | S6: =ABS($I$4-I14) -> 0.2 | T6: =ABS($J$4-J14) -> 0.2 | U6: =S6+T6 -> 0.4 | W6: M3B4 | X6: =ABS($I$5-I14) -> 0.2 | Y6: =ABS($J$5-J14) -> 0.1 | Z6: =X6+Y6 -> 0.3 | AB6: M4B4 | AC6: =ABS($I$6-I14) -> 0.4 | AD6: =ABS($J$6-J14) -> 0.5 | AE6: =AC6+AD6 -> 0.9 | AG6: M5B4 | AH6: =ABS($I$7-I14) -> 0 | AI6: =ABS($J$7-J14) -> 0 | AJ6: =AH6+AI6 -> 0 | AL6: M6B4 | AM6: =ABS($I$8-I14) -> 0.2 | AN6: =ABS($J$8-J14) -> 0.1 | AO6: =AM6+AN6 -> 0.3
A7: Pandean | B7: M5 | C7: 3 | D7: 2 | E7: 3 | F7: 3 | G7: 11 | H7: CP | I7: =IF(H7="SP",0.9,IF(H7="P",0.7,IF(H7="CP",0.5,IF(H7="KP",0.3,0.1)))) -> 0.5 | J7: =IF(H7="SP",0.1,IF(H7="P",0.2,IF(H7="CP",0.3,IF(H7="KP",0.5,0.8)))) -> 0.3 | M7: M1B5 | N7: =ABS($I$3-I15) -> 0.2 | O7: =ABS($J$3-J15) -> 0.1 | P7: =N7+O7 -> 0.3 | R7: M2B5 | S7: =ABS($I$4-I15) -> 0.4 | T7: =ABS($J$4-J15) -> 0.3 | U7: =S7+T7 -> 0.7 | W7: M3B5 | X7: =ABS($I$5-I15) -> 0 | Y7: =ABS($J$5-J15) -> 0 | Z7: =X7+Y7 -> 0 | AB7: M4B5 | AC7: =ABS($I$6-I15) -> 0.6 | AD7: =ABS($J$6-J15) -> 0.6 | AE7: =AC7+AD7 -> 1.2 | AG7: M5B5 | AH7: =ABS($I$7-I15) -> 0.2 | AI7: =ABS($J$7-J15) -> 0.1 | AJ7: =AH7+AI7 -> 0.3 | AL7: M6B5 | AM7: =ABS($I$8-I15) -> 0 | AN7: =ABS($J$8-J15) -> 0 | AO7: =AM7+AN7 -> 0
A8: Tawang | B8: M6 | C8: 2 | D8: 2 | E8: 2 | F8: 2 | G8: 8 | H8: P | I8: =IF(H8="SP",0.9,IF(H8="P",0.7,IF(H8="CP",0.5,IF(H8="KP",0.3,0.1)))) -> 0.7 | J8: =IF(H8="SP",0.1,IF(H8="P",0.2,IF(H8="CP",0.3,IF(H8="KP",0.5,0.8)))) -> 0.2 | M8: M1B6 | N8: =ABS($I$3-I16) -> 0.2 | O8: =ABS($J$3-J16) -> 0.1 | P8: =N8+O8 -> 0.3 | R8: M2B6 | S8: =ABS($I$4-I16) -> 0.4 | T8: =ABS($J$4-J16) -> 0.3 | U8: =S8+T8 -> 0.7 | W8: M3B6 | X8: =ABS($I$5-I16) -> 0 | Y8: =ABS($J$5-J16) -> 0 | Z8: =X8+Y8 -> 0 | AB8: M4B6 | AC8: =ABS($I$6-I16) -> 0.6 | AD8: =ABS($J$6-J16) -> 0.6 | AE8: =AC8+AD8 -> 1.2 | AG8: M5B6 | AH8: =ABS($I$7-I16) -> 0.2 | AI8: =ABS($J$7-J16) -> 0.1 | AJ8: =AH8+AI8 -> 0.3 | AL8: M6B6 | AM8: =ABS($I$8-I16) -> 0 | AN8: =ABS($J$8-J16) -> 0 | AO8: =AM8+AN8 -> 0
A10: BOJONEGORO | N10: miu | O10: v | P10: SUM | S10: miu | T10: v | U10: SUM | X10: miu | Y10: v | Z10: SUM | AC10: miu | AD10: v | AE10: SUM | AH10: miu | AI10: v | AJ10: SUM | AM10: miu | AN10: v | AO10: SUM
A11: Jetak | B11: B1 | C11: 4 | D11: 3 | E11: 3 | F11: 3 | G11: 13 | H11: KP | I11: =IF(H11="SP",0.9,IF(H11="P",0.7,IF(H11="CP",0.5,IF(H11="KP",0.3,0.1)))) -> 0.3 | J11: =IF(H11="SP",0.1,IF(H11="P",0.2,IF(H11="CP",0.3,IF(H11="KP",0.5,0.8)))) -> 0.5 | M11: M1B1 | N11: =ABS(I3-$I$11) -> 0.2 | O11: =ABS(J3-$J$11) -> 0.2 | P11: =N11+O11 -> 0.4 | R11: M1B2 | S11: =ABS(I3-$I$12) -> 0 | T11: =ABS(J3-$J$12) -> 0 | U11: =S11+T11 -> 0 | W11: M1B3 | X11: =ABS(I3-$I$13) -> 0 | Y11: =ABS(J3-$J$13) -> 0 | Z11: =X11+Y11 -> 0 | AB11: M1B4 | AC11: =ABS(I3-$I$14) -> 0 | AD11: =ABS(J3-$J$14) -> 0 | AE11: =AC11+AD11 -> 0 | AG11: M1B5 | AH11: =ABS(I3-$I$15) -> 0.2 | AI11: =ABS(J3-$J$15) -> 0.1 | AJ11: =AH11+AI11 -> 0.3 | AL11: M1B6 | AM11: =ABS(I3-$I$16) -> 0.2 | AN11: =ABS(J3-$J$16) -> 0.1 | AO11: =AM11+AN11 -> 0.3
A12: Kadipaten | B12: B2 | C12: 3 | D12: 3 | E12: 3 | F12: 3 | G12: 12 | H12: CP | I12: =IF(H12="SP",0.9,IF(H12="P",0.7,IF(H12="CP",0.5,IF(H12="KP",0.3,0.1)))) -> 0.5 | J12: =IF(H12="SP",0.1,IF(H12="P",0.2,IF(H12="CP",0.3,IF(H12="KP",0.5,0.8)))) -> 0.3 | M12: M2B1 | N12: =ABS(I4-$I$11) -> 0 | O12: =ABS(J4-$J$11) -> 0 | P12: =N12+O12 -> 0 | R12: M2B2 | S12: =ABS(I4-$I$12) -> 0.2 | T12: =ABS(J4-$J$12) -> 0.2 | U12: =S12+T12 -> 0.4 | W12: M2B3 | X12: =ABS(I4-$I$13) -> 0.2 | Y12: =ABS(J4-$J$13) -> 0.2 | Z12: =X12+Y12 -> 0.4 | AB12: M2B4 | AC12: =ABS(I4-$I$14) -> 0.2 | AD12: =ABS(J4-$J$14) -> 0.2 | AE12: =AC12+AD12 -> 0.4 | AG12: M2B5 | AH12: =ABS(I4-$I$15) -> 0.4 | AI12: =ABS(J4-$J$15) -> 0.3 | AJ12: =AH12+AI12 -> 0.7 | AL12: M2B6 | AM12: =ABS(I4-$I$16) -> 0.4 | AN12: =ABS(J4-$J$16) -> 0.3 | AO12: =AM12+AN12 -> 0.7
A13: Karang Pacar | B13: B3 | C13: 3 | D13: 2 | E13: 2 | F13: 2 | G13: 9 | H13: CP | I13: =IF(H13="SP",0.9,IF(H13="P",0.7,IF(H13="CP",0.5,IF(H13="KP",0.3,0.1)))) -> 0.5 | J13: =IF(H13="SP",0.1,IF(H13="P",0.2,IF(H13="CP",0.3,IF(H13="KP",0.5,0.8)))) -> 0.3 | M13: M3B1 | N13: =ABS(I5-$I$11) -> 0.4 | O13: =ABS(J5-$J$11) -> 0.3 | P13: =N13+O13 -> 0.7 | R13: M3B2 | S13: =ABS(I5-$I$12) -> 0.2 | T13: =ABS(J5-$J$12) -> 0.1 | U13: =S13+T13 -> 0.3 | W13: M3B3 | X13: =ABS(I5-$I$13) -> 0.2 | Y13: =ABS(J5-$J$13) -> 0.1 | Z13: =X13+Y13 -> 0.3 | AB13: M3B4 | AC13: =ABS(I5-$I$14) -> 0.2 | AD13: =ABS(J5-$J$14) -> 0.1 | AE13: =AC13+AD13 -> 0.3 | AG13: M3B5 | AH13: =ABS(I5-$I$15) -> 0 | AI13: =ABS(J5-$J$15) -> 0 | AJ13: =AH13+AI13 -> 0 | AL13: M3B6 | AM13: =ABS(I5-$I$16) -> 0 | AN13: =ABS(J5-$J$16) -> 0 | AO13: =AM13+AN13 -> 0
A14: Klangon | B14: B4 | C14: 3 | D14: 2 | E14: 2 | F14: 2 | G14: 9 | H14: CP | I14: =IF(H14="SP",0.9,IF(H14="P",0.7,IF(H14="CP",0.5,IF(H14="KP",0.3,0.1)))) -> 0.5 | J14: =IF(H14="SP",0.1,IF(H14="P",0.2,IF(H14="CP",0.3,IF(H14="KP",0.5,0.8)))) -> 0.3 | M14: M4B1 | N14: =ABS(I6-$I$11) -> 0.2 | O14: =ABS(J6-$J$11) -> 0.3 | P14: =N14+O14 -> 0.5 | R14: M4B2 | S14: =ABS(I6-$I$12) -> 0.4 | T14: =ABS(J6-$J$12) -> 0.5 | U14: =S14+T14 -> 0.9 | W14: M4B3 | X14: =ABS(I6-$I$13) -> 0.4 | Y14: =ABS(J6-$J$13) -> 0.5 | Z14: =X14+Y14 -> 0.9 | AB14: M4B4 | AC14: =ABS(I6-$I$14) -> 0.4 | AD14: =ABS(J6-$J$14) -> 0.5 | AE14: =AC14+AD14 -> 0.9 | AG14: M4B5 | AH14: =ABS(I6-$I$15) -> 0.6 | AI14: =ABS(J6-$J$15) -> 0.6 | AJ14: =AH14+AI14 -> 1.2 | AL14: M4B6 | AM14: =ABS(I6-$I$16) -> 0.6 | AN14: =ABS(J6-$J$16) -> 0.6 | AO14: =AM14+AN14 -> 1.2
A15: Ledok Kulon | B15: B5 | C15: 2 | D15: 2 | E15: 2 | F15: 2 | G15: 8 | H15: P | I15: =IF(H15="SP",0.9,IF(H15="P",0.7,IF(H15="CP",0.5,IF(H15="KP",0.3,0.1)))) -> 0.7 | J15: =IF(H15="SP",0.1,IF(H15="P",0.2,IF(H15="CP",0.3,IF(H15="KP",0.5,0.8)))) -> 0.2 | M15: M5B1 | N15: =ABS(I7-$I$11) -> 0.2 | O15: =ABS(J7-$J$11) -> 0.2 | P15: =N15+O15 -> 0.4 | R15: M5B2 | S15: =ABS(I7-$I$12) -> 0 | T15: =ABS(J7-$J$12) -> 0 | U15: =S15+T15 -> 0 | W15: M5B3 | X15: =ABS(I7-$I$13) -> 0 | Y15: =ABS(J7-$J$13) -> 0 | Z15: =X15+Y15 -> 0 | AB15: M5B4 | AC15: =ABS(I7-$I$14) -> 0 | AD15: =ABS(J7-$J$14) -> 0 | AE15: =AC15+AD15 -> 0 | AG15: M5B5 | AH15: =ABS(I7-$I$15) -> 0.2 | AI15: =ABS(J7-$J$15) -> 0.1 | AJ15: =AH15+AI15 -> 0.3 | AL15: M5B6 | AM15: =ABS(I7-$I$16) -> 0.2 | AN15: =ABS(J7-$J$16) -> 0.1 | AO15: =AM15+AN15 -> 0.3
A16: Ledok Wetan | B16: B6 | C16: 2 | D16: 2 | E16: 2 | F16: 2 | G16: 8 | H16: P | I16: =IF(H16="SP",0.9,IF(H16="P",0.7,IF(H16="CP",0.5,IF(H16="KP",0.3,0.1)))) -> 0.7 | J16: =IF(H16="SP",0.1,IF(H16="P",0.2,IF(H16="CP",0.3,IF(H16="KP",0.5,0.8)))) -> 0.2 | M16: M6B1 | N16: =ABS(I8-$I$11) -> 0.4 | O16: =ABS(J8-$J$11) -> 0.3 | P16: =N16+O16 -> 0.7 | R16: M6B2 | S16: =ABS(I8-$I$12) -> 0.2 | T16: =ABS(J8-$J$12) -> 0.1 | U16: =S16+T16 -> 0.3 | W16: M6B3 | X16: =ABS(I8-$I$13) -> 0.2 | Y16: =ABS(J8-$J$13) -> 0.1 | Z16: =X16+Y16 -> 0.3 | AB16: M6B4 | AC16: =ABS(I8-$I$14) -> 0.2 | AD16: =ABS(J8-$J$14) -> 0.1 | AE16: =AC16+AD16 -> 0.3 | AG16: M6B5 | AH16: =ABS(I8-$I$15) -> 0 | AI16: =ABS(J8-$J$15) -> 0 | AJ16: =AH16+AI16 -> 0 | AL16: M6B6 | AM16: =ABS(I8-$I$16) -> 0 | AN16: =ABS(J8-$J$16) -> 0 | AO16: =AM16+AN16 -> 0
A17: MAGETAN
A18: Baron | B18: MG1 | C18: 4 | D18: 3 | E18: 3 | F18: 3 | G18: 13 | H18: KP | I18: =IF(H18="SP",0.9,IF(H18="P",0.7,IF(H18="CP",0.5,IF(H18="KP",0.3,0.1)))) -> 0.3 | J18: =IF(H18="SP",0.1,IF(H18="P",0.2,IF(H18="CP",0.3,IF(H18="KP",0.5,0.8)))) -> 0.5
A19: Bulukerto | B19: MG2 | C19: 3 | D19: 3 | E19: 3 | F19: 3 | G19: 12 | H19: CP | I19: =IF(H19="SP",0.9,IF(H19="P",0.7,IF(H19="CP",0.5,IF(H19="KP",0.3,0.1)))) -> 0.5 | J19: =IF(H19="SP",0.1,IF(H19="P",0.2,IF(H19="CP",0.3,IF(H19="KP",0.5,0.8)))) -> 0.3 | M19: MIN (M1, BJ) | N19: =MIN(P3:P8) -> 0 | P19: MIN(MJ,B1) | Q19: =MIN(P11:P16) -> 0
A20: Candi Rejo | B20: MG3 | C20: 3 | D20: 2 | E20: 2 | F20: 2 | G20: 9 | H20: CP | I20: =IF(H20="SP",0.9,IF(H20="P",0.7,IF(H20="CP",0.5,IF(H20="KP",0.3,0.1)))) -> 0.5 | J20: =IF(H20="SP",0.1,IF(H20="P",0.2,IF(H20="CP",0.3,IF(H20="KP",0.5,0.8)))) -> 0.3 | M20: MIN (M2, BJ) | N20: =MIN(U3:U8) -> 0 | P20: MIN (MJ, B2) | Q20: =MIN(U11:U16) -> 0
A21: Magetan | B21: MG4 | C21: 4 | D21: 3 | E21: 3 | F21: 4 | G21: 14 | H21: KP | I21: =IF(H21="SP",0.9,IF(H21="P",0.7,IF(H21="CP",0.5,IF(H21="KP",0.3,0.1)))) -> 0.3 | J21: =IF(H21="SP",0.1,IF(H21="P",0.2,IF(H21="CP",0.3,IF(H21="KP",0.5,0.8)))) -> 0.5 | M21: MIN (M3, BJ) | N21: =MIN(Z3:Z8) -> 0 | P21: MIN (MJ, B3) | Q21: =MIN(Z11:Z16) -> 0
A22: Ringinagung | B22: MG5 | C22: 2 | D22: 2 | E22: 2 | F22: 2 | G22: 8 | H22: P | I22: =IF(H22="SP",0.9,IF(H22="P",0.7,IF(H22="CP",0.5,IF(H22="KP",0.3,0.1)))) -> 0.7 | J22: =IF(H22="SP",0.1,IF(H22="P",0.2,IF(H22="CP",0.3,IF(H22="KP",0.5,0.8)))) -> 0.2 | M22: MIN (M4, BJ) | N22: =MIN(AE3:AE8) -> 0.5 | P22: MIN (MJ, B4) | Q22: =MIN(AE11:AE16) -> 0
A23: Selosari | B23: MG6 | C23: 2 | D23: 2 | E23: 2 | F23: 2 | G23: 8 | H23: P | I23: =IF(H23="SP",0.9,IF(H23="P",0.7,IF(H23="CP",0.5,IF(H23="KP",0.3,0.1)))) -> 0.7 | J23: =IF(H23="SP",0.1,IF(H23="P",0.2,IF(H23="CP",0.3,IF(H23="KP",0.5,0.8)))) -> 0.2 | M23: MIN (M5, BJ) | N23: =MIN(AJ3:AJ8) -> 0 | P23: MIN (MJ, B5) | Q23: =MIN(AJ11:AJ16) -> 0
M24: MIN (M6, BJ) | N24: =MIN(AO3:AO8) -> 0 | P24: MIN (MJ, B6) | Q24: =MIN(AO11:AO16) -> 0
M26: TOTAL MIN | N26: =SUM(N19:N24) -> 0.5 | P26: TOTAL MIN | Q26: =SUM(Q19:Q24) -> 0 | S26: R_MB | T26: =(1/(4.6))*(N26+Q26) -> 0.10869565
M29: R_MB | N29: =T26 -> 0.10869565
M30: R_mb | N30: ='mjb1'!H152 -> 0.10438596
M31: D_MB | N31: =(1/2) *(N29+N30) -> 0.10654081
M32: S_MB | N32: =1-N31 -> 0.89345919

Sheet mjb1
A1: M1B1 | B1: miu | C1: v | E1: M2B1 | F1: miu | G1: v | I1: M3B1 | J1: miu | K1: v | M1: M4B1 | N1: miu | O1: v | Q1: M5B1 | R1: miu | S1: v | U1: M6B1 | V1: miu | W1: v
A2: x1 | B2: =m1bj!B2 -> 0 | C2: =m1bj!C2 -> 0 | E2: x1 | F2: =m1bj!B25 -> 0 | G2: =m1bj!C25 -> 0 | I2: x1 | J2: =m1bj!B48 -> 0 | K2: =m1bj!C48 -> 0 | M2: x1 | N2: =m1bj!B72 -> 0.2 | O2: =m1bj!C72 -> 0.2 | Q2: x1 | R2: =m1bj!B95 -> 0.2 | S2: =m1bj!C95 -> 0.2 | U2: x1 | V2: =m1bj!B119 -> 0 | W2: =m1bj!C119 -> 0
A3: x2 | B3: =m1bj!B3 -> 0.4 | C3: =m1bj!C3 -> 0.4 | E3: x2 | F3: =m1bj!B26 -> 0.4 | G3: =m1bj!C26 -> 0.4 | I3: x2 | J3: =m1bj!B49 -> 0.4 | K3: =m1bj!C49 -> 0.4 | M3: x2 | N3: =m1bj!B73 -> 0.4 | O3: =m1bj!C73 -> 0.4 | Q3: x2 | R3: =m1bj!B96 -> 0.4 | S3: =m1bj!C96 -> 0.4 | U3: x2 | V3: =m1bj!B120 -> 0.4 | W3: =m1bj!C120 -> 0.4
A4: x3 | B4: =m1bj!B4 -> 0 | C4: =m1bj!C4 -> 0 | E4: x3 | F4: =m1bj!B27 -> 0 | G4: =m1bj!C27 -> 0 | I4: x3 | J4: =m1bj!B50 -> 0 | K4: =m1bj!C50 -> 0 | M4: x3 | N4: =m1bj!B74 -> 0 | O4: =m1bj!C74 -> 0 | Q4: x3 | R4: =m1bj!B97 -> 0 | S4: =m1bj!C97 -> 0 | U4: x3 | V4: =m1bj!B121 -> 0 | W4: =m1bj!C121 -> 0
A5: x4 | B5: =m1bj!B5 -> 0 | C5: =m1bj!C5 -> 0 | E5: x4 | F5: =m1bj!B28 -> 0 | G5: =m1bj!C28 -> 0 | I5: x4 | J5: =m1bj!B51 -> 0 | K5: =m1bj!C51 -> 0 | M5: x4 | N5: =m1bj!B75 -> 0 | O5: =m1bj!C75 -> 0 | Q5: x4 | R5: =m1bj!B98 -> 0 | S5: =m1bj!C98 -> 0 | U5: x4 | V5: =m1bj!B122 -> 0 | W5: =m1bj!C122 -> 0
A6: x5 | B6: =m1bj!B6 -> 0.2 | C6: =m1bj!C6 -> 0.2 | E6: x5 | F6: =m1bj!B29 -> 0.2 | G6: =m1bj!C29 -> 0.2 | I6: x5 | J6: =m1bj!B52 -> 0.2 | K6: =m1bj!C52 -> 0.2 | M6: x5 | N6: =m1bj!B76 -> 0.2 | O6: =m1bj!C76 -> 0.2 | Q6: x5 | R6: =m1bj!B99 -> 0.2 | S6: =m1bj!C99 -> 0.2 | U6: x5 | V6: =m1bj!B123 -> 0.2 | W6: =m1bj!C123 -> 0.2
A7: x6 | B7: =m1bj!B7 -> 0.2 | C7: =m1bj!C7 -> 0.2 | E7: x6 | F7: =m1bj!B30 -> 0.4 | G7: =m1bj!C30 -> 0.4 | I7: x6 | J7: =m1bj!B53 -> 0.4 | K7: =m1bj!C53 -> 0.4 | M7: x6 | N7: =m1bj!B77 -> 0.4 | O7: =m1bj!C77 -> 0.4 | Q7: x6 | R7: =m1bj!B100 -> 0 | S7: =m1bj!C100 -> 0 | U7: x6 | V7: =m1bj!B124 -> 0.4 | W7: =m1bj!C124 -> 0.4
A8: x7 | B8: =m1bj!B8 -> 0 | C8: =m1bj!C8 -> 0 | E8: x7 | F8: =m1bj!B31 -> 0 | G8: =m1bj!C31 -> 0 | I8: x7 | J8: =m1bj!B54 -> 0 | K8: =m1bj!C54 -> 0 | M8: x7 | N8: =m1bj!B78 -> 0 | O8: =m1bj!C78 -> 0 | Q8: x7 | R8: =m1bj!B101 -> 0 | S8: =m1bj!C101 -> 0 | U8: x7 | V8: =m1bj!B125 -> 0 | W8: =m1bj!C125 -> 0
A9: x8 | B9: =m1bj!B9 -> 0 | C9: =m1bj!C9 -> 0 | E9: x8 | F9: =m1bj!B32 -> 0 | G9: =m1bj!C32 -> 0 | I9: x8 | J9: =m1bj!B55 -> 0 | K9: =m1bj!C55 -> 0 | M9: x8 | N9: =m1bj!B79 -> 0 | O9: =m1bj!C79 -> 0 | Q9: x8 | R9: =m1bj!B102 -> 0 | S9: =m1bj!C102 -> 0 | U9: x8 | V9: =m1bj!B126 -> 0 | W9: =m1bj!C126 -> 0
A10: x9 | B10: =m1bj!B10 -> 0 | C10: =m1bj!C10 -> 0 | E10: x9 | F10: =m1bj!B33 -> 0.2 | G10: =m1bj!C33 -> 0.2 | I10: x9 | J10: =m1bj!B56 -> 0.2 | K10: =m1bj!C56 -> 0.2 | M10: x9 | N10: =m1bj!B80 -> 0.2 | O10: =m1bj!C80 -> 0.2 | Q10: x9 | R10: =m1bj!B103 -> 0.2 | S10: =m1bj!C103 -> 0.2 | U10: x9 | V10: =m1bj!B127 -> 0.2 | W10: =m1bj!C127 -> 0.2
A11: x10 | B11: =m1bj!B11 -> 0 | C11: =m1bj!C11 -> 0 | E11: x10 | F11: =m1bj!B34 -> 0 | G11: =m1bj!C34 -> 0 | I11: x10 | J11: =m1bj!B57 -> 0 | K11: =m1bj!C57 -> 0 | M11: x10 | N11: =m1bj!B81 -> 0 | O11: =m1bj!C81 -> 0 | Q11: x10 | R11: =m1bj!B104 -> 0 | S11: =m1bj!C104 -> 0 | U11: x10 | V11: =m1bj!B128 -> 0 | W11: =m1bj!C128 -> 0
A12: x11 | B12: =m1bj!B12 -> 0.2 | C12: =m1bj!C12 -> 0.2 | E12: x11 | F12: =m1bj!B35 -> 0.2 | G12: =m1bj!C35 -> 0.2 | I12: x11 | J12: =m1bj!B58 -> 0 | K12: =m1bj!C58 -> 0 | M12: x11 | N12: =m1bj!B82 -> 0.2 | O12: =m1bj!C82 -> 0.2 | Q12: x11 | R12: =m1bj!B105 -> 0.2 | S12: =m1bj!C105 -> 0.2 | U12: x11 | V12: =m1bj!B129 -> 0 | W12: =m1bj!C129 -> 0
A13: x12 | B13: =m1bj!B13 -> 0 | C13: =m1bj!C13 -> 0 | E13: x12 | F13: =m1bj!B36 -> 0 | G13: =m1bj!C36 -> 0 | I13: x12 | J13: =m1bj!B59 -> 0.2 | K13: =m1bj!C59 -> 0.2 | M13: x12 | N13: =m1bj!B83 -> 0 | O13: =m1bj!C83 -> 0 | Q13: x12 | R13: =m1bj!B106 -> 0 | S13: =m1bj!C106 -> 0 | U13: x12 | V13: =m1bj!B130 -> 0 | W13: =m1bj!C130 -> 0
... A20: x19 | B20: =m1bj!B20 -> 0.2 | C20: =m1bj!C20 -> 0.2 | E20: x19 | F20: =m1bj!B43 -> 0 | G20: =m1bj!C43 -> 0 | I20: x19 | J20: =m1bj!B66 -> 0.6 | K20: =m1bj!C66 -> 0.6 | M20: x19 | N20: =m1bj!B90 -> 0 | O20: =m1bj!C90 -> 0 | Q20: x19 | R20: =m1bj!B113 -> 0.6 | S20: =m1bj!C113 -> 0.6 | U20: x19 | V20: =m1bj!B137 -> 0 | W20: =m1bj!C137 -> 0
A21: SUM | B21: =SUM(B2:B20) -> 2.4 | C21: =SUM(C2:C20) -> 2.4 | F21: =SUM(F2:F20) -> 1.8 | G21: =SUM(G2:G20) -> 1.8 | J21: =SUM(J2:J20) -> 3.2 | K21: =SUM(K2:K20) -> 3.2 | N21: =SUM(N2:N20) -> 3 | O21: =SUM(O2:O20) -> 3 | R21: =SUM(R2:R20) -> 3.8 | S21: =SUM(S2:S20) -> 3.8 | V21: =SUM(V2:V20) -> 2.2 | W21: =SUM(W2:W20) -> 2.2
A22: 1/19*SUM | D22: =1/19*(B21+C21) -> 0.25263158 | H22: =1/19*(F21+G21) -> 0.18947368 | L22: =1/19*(J21+K21) -> 0.33684211 | P22: =1/19*(N21+O21) -> 0.31578947 | T22: =1/19*(R21+S21) -> 0.4 | X22: =1/19*(V21+W21) -> 0.23157895 | Y22: min | Z22: =MIN(B22:Y22) -> 0.18947368
A24: M1B2 | B24: miu | C24: v | E24: M2B2 | F24: miu | G24: v | I24: M3B2 | J24: miu | K24: v | M24: M4B2 | N24: miu | O24: v | Q24: M5B2 | R24: miu | S24: v | U24: M6B2 | V24: miu | W24: v
A25: x1 | B25: =m1bj!F2 -> 0 | C25: =m1bj!G2 -> 0 | E25: x1 | F25: =m1bj!F25 -> 0 | G25: =m1bj!G25 -> 0 | I25: x1 | J25: =m1bj!F48 -> 0 | K25: =m1bj!G48 -> 0 | M25: x1 | N25: =m1bj!F72 -> 0.2 | O25: =m1bj!G72 -> 0.2 | Q25: x1 | R25: =m1bj!F95 -> 0.2 | S25: =m1bj!G95 -> 0.2 | U25: x1 | V25: =m1bj!F119 -> 0 | W25: =m1bj!G119 -> 0
A26: x2 | B26: =m1bj!F3 -> 0.6 | C26: =m1bj!G3 -> 0.6 | E26: x2 | F26: =m1bj!F26 -> 0.6 | G26: =m1bj!G26 -> 0.6 | I26: x2 | J26: =m1bj!F49 -> 0.6 | K26: =m1bj!G49 -> 0.6 | M26: x2 | N26: =m1bj!F73 -> 0.6 | O26: =m1bj!G73 -> 0.6 | Q26: x2 | R26: =m1bj!F96 -> 0.6 | S26: =m1bj!G96 -> 0.6 | U26: x2 | V26: =m1bj!F120 -> 0.6 | W26: =m1bj!G120 -> 0.6
A27: x3 | B27: =m1bj!F4 -> 0 | C27: =m1bj!G4 -> 0 | E27: x3 | F27: =m1bj!F27 -> 0 | G27: =m1bj!G27 -> 0 | I27: x3 | J27: =m1bj!F50 -> 0 | K27: =m1bj!G50 -> 0 | M27: x3 | N27: =m1bj!F74 -> 0 | O27: =m1bj!G74 -> 0 | Q27: x3 | R27: =m1bj!F97 -> 0 | S27: =m1bj!G97 -> 0 | U27: x3 | V27: =m1bj!F121 -> 0 | W27: =m1bj!G121 -> 0
A28: x4 | B28: =m1bj!F5 -> 0 | C28: =m1bj!G5 -> 0 | E28: x4 | F28: =m1bj!F28 -> 0 | G28: =m1bj!G28 -> 0 | I28: x4 | J28: =m1bj!F51 -> 0 | K28: =m1bj!G51 -> 0 | M28: x4 | N28: =m1bj!F75 -> 0 | O28: =m1bj!G75 -> 0 | Q28: x4 | R28: =m1bj!F98 -> 0 | S28: =m1bj!G98 -> 0 | U28: x4 | V28: =m1bj!F122 -> 0 | W28: =m1bj!G122 -> 0
A29: x5 | B29: =m1bj!F6 -> 0 | C29: =m1bj!G6 -> 0 | E29: x5 | F29: =m1bj!F29 -> 0 | G29: =m1bj!G29 -> 0 | I29: x5 | J29: =m1bj!F52 -> 0 | K29: =m1bj!G52 -> 0 | M29: x5 | N29: =m1bj!F76 -> 0 | O29: =m1bj!G76 -> 0 | Q29: x5 | R29: =m1bj!F99 -> 0 | S29: =m1bj!G99 -> 0 | U29: x5 | V29: =m1bj!F123 -> 0 | W29: =m1bj!G123 -> 0
A30: x6 | B30: =m1bj!F7 -> 0.2 | C30: =m1bj!G7 -> 0.2 | E30: x6 | F30: =m1bj!F30 -> 0 | G30: =m1bj!G30 -> 0 | I30: x6 | J30: =m1bj!F53 -> 0 | K30: =m1bj!G53 -> 0 | M30: x6 | N30: =m1bj!F77 -> 0 | O30: =m1bj!G77 -> 0 | Q30: x6 | R30: =m1bj!F100 -> 0.4 | S30: =m1bj!G100 -> 0.4 | U30: x6 | V30: =m1bj!F124 -> 0 | W30: =m1bj!G124 -> 0
A31: x7 | B31: =m1bj!F8 -> 0 | C31: =m1bj!G8 -> 0 | E31: x7 | F31: =m1bj!F31 -> 0 | G31: =m1bj!G31 -> 0 | I31: x7 | J31: =m1bj!F54 -> 0 | K31: =m1bj!G54 -> 0 | M31: x7 | N31: =m1bj!F78 -> 0 | O31: =m1bj!G78 -> 0 | Q31: x7 | R31: =m1bj!F101 -> 0 | S31: =m1bj!G101 -> 0 | U31: x7 | V31: =m1bj!F125 -> 0 | W31: =m1bj!G125 -> 0
A32: x8 | B32: =m1bj!F9 -> 0.6 | C32: =m1bj!G9 -> 0.6 | E32: x8 | F32: =m1bj!F32 -> 0.6 | G32: =m1bj!G32 -> 0.6 | I32: x8 | J32: =m1bj!F55 -> 0.6 | K32: =m1bj!G55 -> 0.6 | M32: x8 | N32: =m1bj!F79 -> 0.6 | O32: =m1bj!G79 -> 0.6 | Q32: x8 | R32: =m1bj!F102 -> 0.6 | S32: =m1bj!G102 -> 0.6 | U32: x8 | V32: =m1bj!F126 -> 0.6 | W32: =m1bj!G126 -> 0.6
A33: x9 | B33: =m1bj!F10 -> 0.2 | C33: =m1bj!G10 -> 0.2 | E33: x9 | F33: =m1bj!F33 -> 0 | G33: =m1bj!G33 -> 0 | I33: x9 | J33: =m1bj!F56 -> 0 | K33: =m1bj!G56 -> 0 | M33: x9 | N33: =m1bj!F80 -> 0 | O33: =m1bj!G80 -> 0 | Q33: x9 | R33: =m1bj!F103 -> 0 | S33: =m1bj!G103 -> 0 | U33: x9 | V33: =m1bj!F127 -> 0 | W33: =m1bj!G127 -> 0
A34: x10 | B34: =m1bj!F11 -> 0 | C34: =m1bj!G11 -> 0 | E34: x10 | F34: =m1bj!F34 -> 0 | G34: =m1bj!G34 -> 0 | I34: x10 | J34: =m1bj!F57 -> 0 | K34: =m1bj!G57 -> 0 | M34: x10 | N34: =m1bj!F81 -> 0 | O34: =m1bj!G81 -> 0 | Q34: x10 | R34: =m1bj!F104 -> 0 | S34: =m1bj!G104 -> 0 | U34: x10 | V34: =m1bj!F128 -> 0 | W34: =m1bj!G128 -> 0
A35: x11 | B35: =m1bj!F12 -> 0.4 | C35: =m1bj!G12 -> 0.4 | E35: x11 | F35: =m1bj!F35 -> 0.4 | G35: =m1bj!G35 -> 0.4 | I35: x11 | J35: =m1bj!F58 -> 0.2 | K35: =m1bj!G58 -> 0.2 | M35: x11 | N35: =m1bj!F82 -> 0 | O35: =m1bj!G82 -> 0 | Q35: x11 | R35: =m1bj!F105 -> 0 | S35: =m1bj!G105 -> 0 | U35: x11 | V35: =m1bj!F129 -> 0.2 | W35: =m1bj!G129 -> 0.2
A36: x12 | B36: =m1bj!F13 -> 0 | C36: =m1bj!G13 -> 0 | E36: x12 | F36: =m1bj!F36 -> 0 | G36: =m1bj!G36 -> 0 | I36: x12 | J36: =m1bj!F59 -> 0.2 | K36: =m1bj!G59 -> 0.2 | M36: x12 | N36: =m1bj!F83 -> 0 | O36: =m1bj!G83 -> 0 | Q36: x12 | R36: =m1bj!F106 -> 0 | S36: =m1bj!G106 -> 0 | U36: x12 | V36: =m1bj!F130 -> 0 | W36: =m1bj!G130 -> 0
... A43: x19 | B43: =m1bj!F20 -> 0.2 | C43: =m1bj!G20 -> 0.2 | E43: x19 | F43: =m1bj!F43 -> 0 | G43: =m1bj!G43 -> 0 | I43: x19 | J43: =m1bj!F66 -> 0.6 | K43: =m1bj!G66 -> 0.6 | M43: x19 | N43: =m1bj!F90 -> 0 | O43: =m1bj!G90 -> 0 | Q43: x19 | R43: =m1bj!F113 -> 0.6 | S43: =m1bj!G113 -> 0.6 | U43: x19 | V43: =m1bj!F137 -> 0 | W43: =m1bj!G137 -> 0
B44: =SUM(B25:B43) -> 3.2 | C44: =SUM(C25:C43) -> 3.2 | F44: =SUM(F25:F43) -> 2.2 | G44: =SUM(G25:G43) -> 2.2 | J44: =SUM(J25:J43) -> 3.6 | K44: =SUM(K25:K43) -> 3.6 | N44: =SUM(N25:N43) -> 2.6 | O44: =SUM(O25:O43) -> 2.6 | R44: =SUM(R25:R43) -> 4.2 | S44: =SUM(S25:S43) -> 4.2 | V44: =SUM(V25:V43) -> 2.6 | W44: =SUM(W25:W43) -> 2.6
A45: 1/19*SUM | D45: =1/19*(B44+C44) -> 0.33684211 | H45: =1/19*(F44+G44) -> 0.23157895 | L45: =1/19*(J44+K44) -> 0.37894737 | P45: =1/19*(N44+O44) -> 0.27368421 | T45: =1/19*(R44+S44) -> 0.44210526 | X45: =1/19*(V44+W44) -> 0.27368421 | Y45: min | Z45: =MIN(B45:Y45) -> 0.23157895
A47: M1B3 | B47: miu | C47: v | E47: M2B3 | F47: miu | G47: v | I47: M3B3 | J47: miu | K47: v | M47: M4B3 | N47: miu | O47: v | Q47: M5B3 | R47: miu | S47: v | U47: M6B3 | V47: miu | W47: v
A48: x1 | B48: =m1bj!J2 -> 0.2 | C48: =m1bj!K2 -> 0.2 | E48: x1 | F48: =m1bj!J25 -> 0.2 | G48: =m1bj!K25 -> 0.2 | I48: x1 | J48: =m1bj!J48 -> 0.2 | K48: =m1bj!K48 -> 0.2 | M48: x1 | N48: =m1bj!J72 -> 0 | O48: =m1bj!K72 -> 0 | Q48: x1 | R48: =m1bj!J95 -> 0 | S48: =m1bj!K95 -> 0 | U48: x1 | V48: =m1bj!J119 -> 0.2 | W48: =m1bj!K119 -> 0.2
A49: x2 | B49: =m1bj!J3 -> 0 | C49: =m1bj!K3 -> 0 | E49: x2 | F49: =m1bj!J26 -> 0 | G49: =m1bj!K26 -> 0 | I49: x2 | J49: =m1bj!J49 -> 0 | K49: =m1bj!K49 -> 0 | M49: x2 | N49: =m1bj!J73 -> 0 | O49: =m1bj!K73 -> 0 | Q49: x2 | R49: =m1bj!J96 -> 0 | S49: =m1bj!K96 -> 0 | U49: x2 | V49: =m1bj!J120 -> 0 | W49: =m1bj!K120 -> 0
A50: x3 | B50: =m1bj!J4 -> 0 | C50: =m1bj!K4 -> 0 | E50: x3 | F50: =m1bj!J27 -> 0 | G50: =m1bj!K27 -> 0 | I50: x3 | J50: =m1bj!J50 -> 0 | K50: =m1bj!K50 -> 0 | M50: x3 | N50: =m1bj!J74 -> 0 | O50: =m1bj!K74 -> 0 | Q50: x3 | R50: =m1bj!J97 -> 0 | S50: =m1bj!K97 -> 0 | U50: x3 | V50: =m1bj!J121 -> 0 | W50: =m1bj!K121 -> 0
A51: x4 | B51: =m1bj!J5 -> 0 | C51: =m1bj!K5 -> 0 | E51: x4 | F51: =m1bj!J28 -> 0 | G51: =m1bj!K28 -> 0 | I51: x4 | J51: =m1bj!J51 -> 0 | K51: =m1bj!K51 -> 0 | M51: x4 | N51: =m1bj!J75 -> 0 | O51: =m1bj!K75 -> 0 | Q51: x4 | R51: =m1bj!J98 -> 0 | S51: =m1bj!K98 -> 0 | U51: x4 | V51: =m1bj!J122 -> 0 | W51: =m1bj!K122 -> 0
A52: x5 | B52: =m1bj!J6 -> 0 | C52: =m1bj!K6 -> 0 | E52: x5 | F52: =m1bj!J29 -> 0 | G52: =m1bj!K29 -> 0 | I52: x5 | J52: =m1bj!J52 -> 0 | K52: =m1bj!K52 -> 0 | M52: x5 | N52: =m1bj!J76 -> 0 | O52: =m1bj!K76 -> 0 | Q52: x5 | R52: =m1bj!J99 -> 0 | S52: =m1bj!K99 -> 0 | U52: x5 | V52: =m1bj!J123 -> 0 | W52: =m1bj!K123 -> 0
A53: x6 | B53: =m1bj!J7 -> 0.2 | C53: =m1bj!K7 -> 0.2 | E53: x6 | F53: =m1bj!J30 -> 0 | G53: =m1bj!K30 -> 0 | I53: x6 | J53: =m1bj!J53 -> 0 | K53: =m1bj!K53 -> 0 | M53: x6 | N53: =m1bj!J77 -> 0 | O53: =m1bj!K77 -> 0 | Q53: x6 | R53: =m1bj!J100 -> 0.4 | S53: =m1bj!K100 -> 0.4 | U53: x6 | V53: =m1bj!J124 -> 0 | W53: =m1bj!K124 -> 0
A54: x7 | B54: =m1bj!J8 -> 0 | C54: =m1bj!K8 -> 0 | E54: x7 | F54: =m1bj!J31 -> 0 | G54: =m1bj!K31 -> 0 | I54: x7 | J54: =m1bj!J54 -> 0 | K54: =m1bj!K54 -> 0 | M54: x7 | N54: =m1bj!J78 -> 0 | O54: =m1bj!K78 -> 0 | Q54: x7 | R54: =m1bj!J101 -> 0 | S54: =m1bj!K101 -> 0 | U54: x7 | V54: =m1bj!J125 -> 0 | W54: =m1bj!K125 -> 0
A55: x8 | B55: =m1bj!J9 -> 0 | C55: =m1bj!K9 -> 0 | E55: x8 | F55: =m1bj!J32 -> 0 | G55: =m1bj!K32 -> 0 | I55: x8 | J55: =m1bj!J55 -> 0 | K55: =m1bj!K55 -> 0 | M55: x8 | N55: =m1bj!J79 -> 0 | O55: =m1bj!K79 -> 0 | Q55: x8 | R55: =m1bj!J102 -> 0 | S55: =m1bj!K102 -> 0 | U55: x8 | V55: =m1bj!J126 -> 0 | W55: =m1bj!K126 -> 0
A56: x9 | B56: =m1bj!J10 -> 0.2 | C56: =m1bj!K10 -> 0.2 | E56: x9 | F56: =m1bj!J33 -> 0.4 | G56: =m1bj!K33 -> 0.4 | I56: x9 | J56: =m1bj!J56 -> 0.4 | K56: =m1bj!K56 -> 0.4 | M56: x9 | N56: =m1bj!J80 -> 0.4 | O56: =m1bj!K80 -> 0.4 | Q56: x9 | R56: =m1bj!J103 -> 0.4 | S56: =m1bj!K103 -> 0.4 | U56: x9 | V56: =m1bj!J127 -> 0.4 | W56: =m1bj!K127 -> 0.4
A57: x10 | B57: =m1bj!J11 -> 0 | C57: =m1bj!K11 -> 0 | E57: x10 | F57: =m1bj!J34 -> 0 | G57: =m1bj!K34 -> 0 | I57: x10 | J57: =m1bj!J57 -> 0 | K57: =m1bj!K57 -> 0 | M57: x10 | N57: =m1bj!J81 -> 0 | O57: =m1bj!K81 -> 0 | Q57: x10 | R57: =m1bj!J104 -> 0 | S57: =m1bj!K104 -> 0 | U57: x10 | V57: =m1bj!J128 -> 0 | W57: =m1bj!K128 -> 0
A58: x11 | B58: =m1bj!J12 -> 0 | C58: =m1bj!K12 -> 0 | E58: x11 | F58: =m1bj!J35 -> 0 | G58: =m1bj!K35 -> 0 | I58: x11 | J58: =m1bj!J58 -> 0.2 | K58: =m1bj!K58 -> 0.2 | M58: x11 | N58: =m1bj!J82 -> 0.4 | O58: =m1bj!K82 -> 0.4 | Q58: x11 | R58: =m1bj!J105 -> 0.4 | S58: =m1bj!K105 -> 0.4 | U58: x11 | V58: =m1bj!J129 -> 0.2 | W58: =m1bj!K129 -> 0.2
A59: x12 | B59: =m1bj!J13 -> 0 | C59: =m1bj!K13 -> 0 | E59: x12 | F59: =m1bj!J36 -> 0 | G59: =m1bj!K36 -> 0 | I59: x12 | J59: =m1bj!J59 -> 0.2 | K59: =m1bj!K59 -> 0.2 | M59: x12 | N59: =m1bj!J83 -> 0 | O59: =m1bj!K83 -> 0 | Q59: x12 | R59: =m1bj!J106 -> 0 | S59: =m1bj!K106 -> 0 | U59: x12 | V59: =m1bj!J130 -> 0 | W59: =m1bj!K130 -> 0
... A66: x19 | B66: =m1bj!J20 -> 0.2 | C66: =m1bj!K20 -> 0.2 | E66: x19 | F66: =m1bj!J43 -> 0 | G66: =m1bj!K43 -> 0 | I66: x19 | J66: =m1bj!J66 -> 0.6 | K66: =m1bj!K66 -> 0.6 | M66: x19 | N66: =m1bj!J90 -> 0 | O66: =m1bj!K90 -> 0 | Q66: x19 | R66: =m1bj!J113 -> 0.6 | S66: =m1bj!K113 -> 0.6 | U66: x19 | V66: =m1bj!J137 -> 0 | W66: =m1bj!K137 -> 0
B67: =SUM(B48:B66) -> 1.8 | C67: =SUM(C48:C66) -> 1.8 | F67: =SUM(F48:F66) -> 1.6 | G67: =SUM(G48:G66) -> 1.6 | J67: =SUM(J48:J66) -> 3.4 | K67: =SUM(K48:K66) -> 3.4 | N67: =SUM(N48:N66) -> 2 | O67: =SUM(O48:O66) -> 2 | R67: =SUM(R48:R66) -> 3.6 | S67: =SUM(S48:S66) -> 3.6 | V67: =SUM(V48:V66) -> 2.4 | W67: =SUM(W48:W66) -> 2.4
A68: 1/19*SUM | D68: =1/19*(B67+C67) -> 0.18947368 | H68: =1/19*(F67+G67) -> 0.16842105 | L68: =1/19*(J67+K67) -> 0.35789474 | P68: =1/19*(N67+O67) -> 0.21052632 | T68: =1/19*(R67+S67) -> 0.37894737 | X68: =1/19*(V67+W67) -> 0.25263158 | Y68: min | Z68: =MIN(B68:Y68) -> 0.16842105
A71: M1B4 | B71: miu | C71: v | E71: M2B4 | F71: miu | G71: v | I71: M3B4 | J71: miu | K71: v | M71: M4B4 | N71: miu | O71: v | Q71: M5B4 | R71: miu | S71: v | U71: M6B4 | V71: miu | W71: v
A72: x1 | B72: =m1bj!N2 -> 0.2 | C72: =m1bj!O2 -> 0.2 | E72: x1 | F72: =m1bj!N25 -> 0.2 | G72: =m1bj!O25 -> 0.2 | I72: x1 | J72: =m1bj!N48 -> 0.2 | K72: =m1bj!O48 -> 0.2 | M72: x1 | N72: =m1bj!N72 -> 0 | O72: =m1bj!O72 -> 0 | Q72: x1 | R72: =m1bj!N95 -> 0 | S72: =m1bj!O95 -> 0 | U72: x1 | V72: =m1bj!N119 -> 0.2 | W72: =m1bj!O119 -> 0.2
A73: x2 | B73: =m1bj!N3 -> 0 | C73: =m1bj!O3 -> 0 | E73: x2 | F73: =m1bj!N26 -> 0 | G73: =m1bj!O26 -> 0 | I73: x2 | J73: =m1bj!N49 -> 0 | K73: =m1bj!O49 -> 0 | M73: x2 | N73: =m1bj!N73 -> 0 | O73: =m1bj!O73 -> 0 | Q73: x2 | R73: =m1bj!N96 -> 0 | S73: =m1bj!O96 -> 0 | U73: x2 | V73: =m1bj!N120 -> 0 | W73: =m1bj!O120 -> 0
A74: x3 | B74: =m1bj!N4 -> 0 | C74: =m1bj!O4 -> 0 | E74: x3 | F74: =m1bj!N27 -> 0 | G74: =m1bj!O27 -> 0 | I74: x3 | J74: =m1bj!N50 -> 0 | K74: =m1bj!O50 -> 0 | M74: x3 | N74: =m1bj!N74 -> 0 | O74: =m1bj!O74 -> 0 | Q74: x3 | R74: =m1bj!N97 -> 0 | S74: =m1bj!O97 -> 0 | U74: x3 | V74: =m1bj!N121 -> 0 | W74: =m1bj!O121 -> 0
A75: x4 | B75: =m1bj!N5 -> 0 | C75: =m1bj!O5 -> 0 | E75: x4 | F75: =m1bj!N28 -> 0 | G75: =m1bj!O28 -> 0 | I75: x4 | J75: =m1bj!N51 -> 0 | K75: =m1bj!O51 -> 0 | M75: x4 | N75: =m1bj!N75 -> 0 | O75: =m1bj!O75 -> 0 | Q75: x4 | R75: =m1bj!N98 -> 0 | S75: =m1bj!O98 -> 0 | U75: x4 | V75: =m1bj!N122 -> 0 | W75: =m1bj!O122 -> 0
A76: x5 | B76: =m1bj!N6 -> 0 | C76: =m1bj!O6 -> 0 | E76: x5 | F76: =m1bj!N29 -> 0 | G76: =m1bj!O29 -> 0 | I76: x5 | J76: =m1bj!N52 -> 0 | K76: =m1bj!O52 -> 0 | M76: x5 | N76: =m1bj!N76 -> 0 | O76: =m1bj!O76 -> 0 | Q76: x5 | R76: =m1bj!N99 -> 0 | S76: =m1bj!O99 -> 0 | U76: x5 | V76: =m1bj!N123 -> 0 | W76: =m1bj!O123 -> 0
A77: x6 | B77: =m1bj!N7 -> 0.2 | C77: =m1bj!O7 -> 0.2 | E77: x6 | F77: =m1bj!N30 -> 0 | G77: =m1bj!O30 -> 0 | I77: x6 | J77: =m1bj!N53 -> 0 | K77: =m1bj!O53 -> 0 | M77: x6 | N77: =m1bj!N77 -> 0 | O77: =m1bj!O77 -> 0 | Q77: x6 | R77: =m1bj!N100 -> 0.4 | S77: =m1bj!O100 -> 0.4 | U77: x6 | V77: =m1bj!N124 -> 0 | W77: =m1bj!O124 -> 0
A78: x7 | B78: =m1bj!N8 -> 0 | C78: =m1bj!O8 -> 0 | E78: x7 | F78: =m1bj!N31 -> 0 | G78: =m1bj!O31 -> 0 | I78: x7 | J78: =m1bj!N54 -> 0 | K78: =m1bj!O54 -> 0 | M78: x7 | N78: =m1bj!N78 -> 0 | O78: =m1bj!O78 -> 0 | Q78: x7 | R78: =m1bj!N101 -> 0 | S78: =m1bj!O101 -> 0 | U78: x7 | V78: =m1bj!N125 -> 0 | W78: =m1bj!O125 -> 0
A79: x8 | B79: =m1bj!N9 -> 0 | C79: =m1bj!O9 -> 0 | E79: x8 | F79: =m1bj!N32 -> 0 | G79: =m1bj!O32 -> 0 | I79: x8 | J79: =m1bj!N55 -> 0 | K79: =m1bj!O55 -> 0 | M79: x8 | N79: =m1bj!N79 -> 0 | O79: =m1bj!O79 -> 0 | Q79: x8 | R79: =m1bj!N102 -> 0 | S79: =m1bj!O102 -> 0 | U79: x8 | V79: =m1bj!N126 -> 0 | W79: =m1bj!O126 -> 0
A80: x9 | B80: =m1bj!N10 -> 0.2 | C80: =m1bj!O10 -> 0.2 | E80: x9 | F80: =m1bj!N33 -> 0 | G80: =m1bj!O33 -> 0 | I80: x9 | J80: =m1bj!N56 -> 0 | K80: =m1bj!O56 -> 0 | M80: x9 | N80: =m1bj!N80 -> 0 | O80: =m1bj!O80 -> 0 | Q80: x9 | R80: =m1bj!N103 -> 0 | S80: =m1bj!O103 -> 0 | U80: x9 | V80: =m1bj!N127 -> 0 | W80: =m1bj!O127 -> 0
A81: x10 | B81: =m1bj!N11 -> 0 | C81: =m1bj!O11 -> 0 | E81: x10 | F81: =m1bj!N34 -> 0 | G81: =m1bj!O34 -> 0 | I81: x10 | J81: =m1bj!N57 -> 0 | K81: =m1bj!O57 -> 0 | M81: x10 | N81: =m1bj!N81 -> 0 | O81: =m1bj!O81 -> 0 | Q81: x10 | R81: =m1bj!N104 -> 0 | S81: =m1bj!O104 -> 0 | U81: x10 | V81: =m1bj!N128 -> 0 | W81: =m1bj!O128 -> 0
A82: x11 | B82: =m1bj!N12 -> 0 | C82: =m1bj!O12 -> 0 | E82: x11 | F82: =m1bj!N35 -> 0 | G82: =m1bj!O35 -> 0 | I82: x11 | J82: =m1bj!N58 -> 0.2 | K82: =m1bj!O58 -> 0.2 | M82: x11 | N82: =m1bj!N82 -> 0.4 | O82: =m1bj!O82 -> 0.4 | Q82: x11 | R82: =m1bj!N105 -> 0.4 | S82: =m1bj!O105 -> 0.4 | U82: x11 | V82: =m1bj!N129 -> 0.2 | W82: =m1bj!O129 -> 0.2
A83: x12 | B83: =m1bj!N13 -> 0 | C83: =m1bj!O13 -> 0 | E83: x12 | F83: =m1bj!N36 -> 0 | G83: =m1bj!O36 -> 0 | I83: x12 | J83: =m1bj!N59 -> 0.2 | K83: =m1bj!O59 -> 0.2 | M83: x12 | N83: =m1bj!N83 -> 0 | O83: =m1bj!O83 -> 0 | Q83: x12 | R83: =m1bj!N106 -> 0 | S83: =m1bj!O106 -> 0 | U83: x12 | V83: =m1bj!N130 -> 0 | W83: =m1bj!O130 -> 0
... A90: x19 | B90: =m1bj!N20 -> 0.2 | C90: =m1bj!O20 -> 0.2 | E90: x19 | F90: =m1bj!N43 -> 0 | G90: =m1bj!O43 -> 0 | I90: x19 | J90: =m1bj!N66 -> 0.6 | K90: =m1bj!O66 -> 0.6 | M90: x19 | N90: =m1bj!N90 -> 0 | O90: =m1bj!O90 -> 0 | Q90: x19 | R90: =m1bj!N113 -> 0.6 | S90: =m1bj!O113 -> 0.6 | U90: x19 | V90: =m1bj!N137 -> 0 | W90: =m1bj!O137 -> 0
B91: =SUM(B72:B90) -> 2.4 | C91: =SUM(C72:C90) -> 2.4 | F91: =SUM(F72:F90) -> 1 | G91: =SUM(G72:G90) -> 1 | J91: =SUM(J72:J90) -> 2.8 | K91: =SUM(K72:K90) -> 2.8 | N91: =SUM(N72:N90) -> 2.2 | O91: =SUM(O72:O90) -> 2.2 | R91: =SUM(R72:R90) -> 3.8 | S91: =SUM(S72:S90) -> 3.8 | V91: =SUM(V72:V90) -> 1.8 | W91: =SUM(W72:W90) -> 1.8
A92: 1/19*SUM | D92: =1/19*(B91+C91) -> 0.25263158 | H92: =1/19*(F91+G91) -> 0.10526316 | L92: =1/19*(J91+K91) -> 0.29473684 | P92: =1/19*(N91+O91) -> 0.23157895 | T92: =1/19*(R91+S91) -> 0.4 | X92: =1/19*(V91+W91) -> 0.18947368 | Y92: min | Z92: =MIN(B92:Y92) -> 0.10526316
A94: M1B5 | B94: miu | C94: v | E94: M2B5 | F94: miu | G94: v | I94: M3B5 | J94: miu | K94: v | M94: M4B5 | N94: miu | O94: v | Q94: M5B5 | R94: miu | S94: v | U94: M6B5 | V94: miu | W94: v
A95: x1 | B95: =m1bj!R2 -> 0.2 | C95: =m1bj!S2 -> 0.2 | E95: x1 | F95: =m1bj!R25 -> 0.2 | G95: =m1bj!S25 -> 0.2 | I95: x1 | J95: =m1bj!R48 -> 0.2 | K95: =m1bj!S48 -> 0.2 | M95: x1 | N95: =m1bj!R72 -> 0 | O95: =m1bj!S72 -> 0 | Q95: x1 | R95: =m1bj!R95 -> 0 | S95: =m1bj!S95 -> 0 | U95: x1 | V95: =m1bj!R119 -> 0.2 | W95: =m1bj!S119 -> 0.2
A96: x2 | B96: =m1bj!R3 -> 0.4 | C96: =m1bj!S3 -> 0.4 | E96: x2 | F96: =m1bj!R26 -> 0.4 | G96: =m1bj!S26 -> 0.4 | I96: x2 | J96: =m1bj!R49 -> 0.4 | K96: =m1bj!S49 -> 0.4 | M96: x2 | N96: =m1bj!R73 -> 0.4 | O96: =m1bj!S73 -> 0.4 | Q96: x2 | R96: =m1bj!R96 -> 0.4 | S96: =m1bj!S96 -> 0.4 | U96: x2 | V96: =m1bj!R120 -> 0.4 | W96: =m1bj!S120 -> 0.4
A97: x3 | B97: =m1bj!R4 -> 0 | C97: =m1bj!S4 -> 0 | E97: x3 | F97: =m1bj!R27 -> 0 | G97: =m1bj!S27 -> 0 | I97: x3 | J97: =m1bj!R50 -> 0 | K97: =m1bj!S50 -> 0 | M97: x3 | N97: =m1bj!R74 -> 0 | O97: =m1bj!S74 -> 0 | Q97: x3 | R97: =m1bj!R97 -> 0 | S97: =m1bj!S97 -> 0 | U97: x3 | V97: =m1bj!R121 -> 0 | W97: =m1bj!S121 -> 0
A98: x4 | B98: =m1bj!R5 -> 0 | C98: =m1bj!S5 -> 0 | E98: x4 | F98: =m1bj!R28 -> 0 | G98: =m1bj!S28 -> 0 | I98: x4 | J98: =m1bj!R51 -> 0 | K98: =m1bj!S51 -> 0 | M98: x4 | N98: =m1bj!R75 -> 0 | O98: =m1bj!S75 -> 0 | Q98: x4 | R98: =m1bj!R98 -> 0 | S98: =m1bj!S98 -> 0 | U98: x4 | V98: =m1bj!R122 -> 0 | W98: =m1bj!S122 -> 0
A99: x5 | B99: =m1bj!R6 -> 0 | C99: =m1bj!S6 -> 0 | E99: x5 | F99: =m1bj!R29 -> 0 | G99: =m1bj!S29 -> 0 | I99: x5 | J99: =m1bj!R52 -> 0 | K99: =m1bj!S52 -> 0 | M99: x5 | N99: =m1bj!R76 -> 0 | O99: =m1bj!S76 -> 0 | Q99: x5 | R99: =m1bj!R99 -> 0 | S99: =m1bj!S99 -> 0 | U99: x5 | V99: =m1bj!R123 -> 0 | W99: =m1bj!S123 -> 0
A100: x6 | B100: =m1bj!R7 -> 0 | C100: =m1bj!S7 -> 0 | E100: x6 | F100: =m1bj!R30 -> 0.2 | G100: =m1bj!S30 -> 0.2 | I100: x6 | J100: =m1bj!R53 -> 0.2 | K100: =m1bj!S53 -> 0.2 | M100: x6 | N100: =m1bj!R77 -> 0.2 | O100: =m1bj!S77 -> 0.2 | Q100: x6 | R100: =m1bj!R100 -> 0.2 | S100: =m1bj!S100 -> 0.2 | U100: x6 | V100: =m1bj!R124 -> 0.2 | W100: =m1bj!S124 -> 0.2
A101: x7 | B101: =m1bj!R8 -> 0 | C101: =m1bj!S8 -> 0 | E101: x7 | F101: =m1bj!R31 -> 0 | G101: =m1bj!S31 -> 0 | I101: x7 | J101: =m1bj!R54 -> 0 | K101: =m1bj!S54 -> 0 | M101: x7 | N101: =m1bj!R78 -> 0 | O101: =m1bj!S78 -> 0 | Q101: x7 | R101: =m1bj!R101 -> 0 | S101: =m1bj!S101 -> 0 | U101: x7 | V101: =m1bj!R125 -> 0 | W101: =m1bj!S125 -> 0
A102: x8 | B102: =m1bj!R9 -> 0.2 | C102: =m1bj!S9 -> 0.2 | E102: x8 | F102: =m1bj!R32 -> 0.2 | G102: =m1bj!S32 -> 0.2 | I102: x8 | J102: =m1bj!R55 -> 0.2 | K102: =m1bj!S55 -> 0.2 | M102: x8 | N102: =m1bj!R79 -> 0.2 | O102: =m1bj!S79 -> 0.2 | Q102: x8 | R102: =m1bj!R102 -> 0.2 | S102: =m1bj!S102 -> 0.2 | U102: x8 | V102: =m1bj!R126 -> 0.2 | W102: =m1bj!S126 -> 0.2
A103: x9 | B103: =m1bj!R10 -> 0 | C103: =m1bj!S10 -> 0 | E103: x9 | F103: =m1bj!R33 -> 0.2 | G103: =m1bj!S33 -> 0.2 | I103: x9 | J103: =m1bj!R56 -> 0.2 | K103: =m1bj!S56 -> 0.2 | M103: x9 | N103: =m1bj!R80 -> 0.2 | O103: =m1bj!S80 -> 0.2 | Q103: x9 | R103: =m1bj!R103 -> 0.2 | S103: =m1bj!S103 -> 0.2 | U103: x9 | V103: =m1bj!R127 -> 0.2 | W103: =m1bj!S127 -> 0.2
A104: x10 | B104: =m1bj!R11 -> 0 | C104: =m1bj!S11 -> 0 | E104: x10 | F104: =m1bj!R34 -> 0 | G104: =m1bj!S34 -> 0 | I104: x10 | J104: =m1bj!R57 -> 0 | K104: =m1bj!S57 -> 0 | M104: x10 | N104: =m1bj!R81 -> 0 | O104: =m1bj!S81 -> 0 | Q104: x10 | R104: =m1bj!R104 -> 0 | S104: =m1bj!S104 -> 0 | U104: x10 | V104: =m1bj!R128 -> 0 | W104: =m1bj!S128 -> 0
A105: x11 | B105: =m1bj!R12 -> 0.2 | C105: =m1bj!S12 -> 0.2 | E105: x11 | F105: =m1bj!R35 -> 0.2 | G105: =m1bj!S35 -> 0.2 | I105: x11 | J105: =m1bj!R58 -> 0 | K105: =m1bj!S58 -> 0 | M105: x11 | N105: =m1bj!R82 -> 0.2 | O105: =m1bj!S82 -> 0.2 | Q105: x11 | R105: =m1bj!R105 -> 0.2 | S105: =m1bj!S105 -> 0.2 | U105: x11 | V105: =m1bj!R129 -> 0 | W105: =m1bj!S129 -> 0
A106: x12 | B106: =m1bj!R13 -> 0 | C106: =m1bj!S13 -> 0 | E106: x12 | F106: =m1bj!R36 -> 0 | G106: =m1bj!S36 -> 0 | I106: x12 | J106: =m1bj!R59 -> 0.2 | K106: =m1bj!S59 -> 0.2 | M106: x12 | N106: =m1bj!R83 -> 0 | O106: =m1bj!S83 -> 0 | Q106: x12 | R106: =m1bj!R106 -> 0 | S106: =m1bj!S106 -> 0 | U106: x12 | V106: =m1bj!R130 -> 0 | W106: =m1bj!S130 -> 0
... A113: x19 | B113: =m1bj!R20 -> 0.2 | C113: =m1bj!S20 -> 0.2 | E113: x19 | F113: =m1bj!R43 -> 0 | G113: =m1bj!S43 -> 0 | I113: x19 | J113: =m1bj!R66 -> 0.6 | K113: =m1bj!S66 -> 0.6 | M113: x19 | N113: =m1bj!R90 -> 0 | O113: =m1bj!S90 -> 0 | Q113: x19 | R113: =m1bj!R113 -> 0.6 | S113: =m1bj!S113 -> 0.6 | U113: x19 | V113: =m1bj!R137 -> 0 | W113: =m1bj!S137 -> 0
B114: =SUM(B95:B113) -> 2.4 | C114: =SUM(C95:C113) -> 2.4 | F114: =SUM(F95:F113) -> 1.8 | G114: =SUM(G95:G113) -> 1.8 | J114: =SUM(J95:J113) -> 3.2 | K114: =SUM(K95:K113) -> 3.2 | N114: =SUM(N95:N113) -> 2.6 | O114: =SUM(O95:O113) -> 2.6 | R114: =SUM(R95:R113) -> 3.8 | S114: =SUM(S95:S113) -> 3.8 | V114: =SUM(V95:V113) -> 2.2 | W114: =SUM(W95:W113) -> 2.2
A115: 1/19*SUM | D115: =1/19*(B114+C114) -> 0.25263158 | H115: =1/19*(F114+G114) -> 0.18947368 | L115: =1/19*(J114+K114) -> 0.33684211 | P115: =1/19*(N114+O114) -> 0.27368421 | T115: =1/19*(R114+S114) -> 0.4 | X115: =1/19*(V114+W114) -> 0.23157895 | Y115: min | Z115: =MIN(B115:Y115) -> 0.18947368
A118: M1B6 | B118: miu | C118: v | E118: M2B6 | F118: miu | G118: v | I118: M3B6 | J118: miu | K118: v | M118: M4B6 | N118: miu | O118: v | Q118: M5B6 | R118: miu | S118: v | U118: M6B6 | V118: miu | W118: v
A119: x1 | B119: =m1bj!V2 -> 0 | C119: =m1bj!W2 -> 0 | E119: x1 | F119: =m1bj!V25 -> 0 | G119: =m1bj!W25 -> 0 | I119: x1 | J119: =m1bj!V48 -> 0 | K119: =m1bj!W48 -> 0 | M119: x1 | N119: =m1bj!V72 -> 0.2 | O119: =m1bj!W72 -> 0.2 | Q119: x1 | R119: =m1bj!V95 -> 0.2 | S119: =m1bj!W95 -> 0.2 | U119: x1 | V119: =m1bj!V119 -> 0 | W119: =m1bj!W119 -> 0
A120: x2 | B120: =m1bj!V3 -> 0.6 | C120: =m1bj!W3 -> 0.6 | E120: x2 | F120: =m1bj!V26 -> 0.6 | G120: =m1bj!W26 -> 0.6 | I120: x2 | J120: =m1bj!V49 -> 0.6 | K120: =m1bj!W49 -> 0.6 | M120: x2 | N120: =m1bj!V73 -> 0.6 | O120: =m1bj!W73 -> 0.6 | Q120: x2 | R120: =m1bj!V96 -> 0.6 | S120: =m1bj!W96 -> 0.6 | U120: x2 | V120: =m1bj!V120 -> 0.6 | W120: =m1bj!W120 -> 0.6
A121: x3 | B121: =m1bj!V4 -> 0 | C121: =m1bj!W4 -> 0 | E121: x3 | F121: =m1bj!V27 -> 0 | G121: =m1bj!W27 -> 0 | I121: x3 | J121: =m1bj!V50 -> 0 | K121: =m1bj!W50 -> 0 | M121: x3 | N121: =m1bj!V74 -> 0 | O121: =m1bj!W74 -> 0 | Q121: x3 | R121: =m1bj!V97 -> 0 | S121: =m1bj!W97 -> 0 | U121: x3 | V121: =m1bj!V121 -> 0 | W121: =m1bj!W121 -> 0
A122: x4 | B122: =m1bj!V5 -> 0 | C122: =m1bj!W5 -> 0 | E122: x4 | F122: =m1bj!V28 -> 0 | G122: =m1bj!W28 -> 0 | I122: x4 | J122: =m1bj!V51 -> 0 | K122: =m1bj!W51 -> 0 | M122: x4 | N122: =m1bj!V75 -> 0 | O122: =m1bj!W75 -> 0 | Q122: x4 | R122: =m1bj!V98 -> 0 | S122: =m1bj!W98 -> 0 | U122: x4 | V122: =m1bj!V122 -> 0 | W122: =m1bj!W122 -> 0
A123: x5 | B123: =m1bj!V6 -> 0.2 | C123: =m1bj!W6 -> 0.2 | E123: x5 | F123: =m1bj!V29 -> 0.2 | G123: =m1bj!W29 -> 0.2 | I123: x5 | J123: =m1bj!V52 -> 0.2 | K123: =m1bj!W52 -> 0.2 | M123: x5 | N123: =m1bj!V76 -> 0.2 | O123: =m1bj!W76 -> 0.2 | Q123: x5 | R123: =m1bj!V99 -> 0.2 | S123: =m1bj!W99 -> 0.2 | U123: x5 | V123: =m1bj!V123 -> 0.2 | W123: =m1bj!W123 -> 0.2
A124: x6 | B124: =m1bj!V7 -> 0.2 | C124: =m1bj!W7 -> 0.2 | E124: x6 | F124: =m1bj!V30 -> 0 | G124: =m1bj!W30 -> 0 | I124: x6 | J124: =m1bj!V53 -> 0 | K124: =m1bj!W53 -> 0 | M124: x6 | N124: =m1bj!V77 -> 0 | O124: =m1bj!W77 -> 0 | Q124: x6 | R124: =m1bj!V100 -> 0.4 | S124: =m1bj!W100 -> 0.4 | U124: x6 | V124: =m1bj!V124 -> 0 | W124: =m1bj!W124 -> 0
A125: x7 | B125: =m1bj!V8 -> 0.4 | C125: =m1bj!W8 -> 0.4 | E125: x7 | F125: =m1bj!V31 -> 0.4 | G125: =m1bj!W31 -> 0.4 | I125: x7 | J125: =m1bj!V54 -> 0.4 | K125: =m1bj!W54 -> 0.4 | M125: x7 | N125: =m1bj!V78 -> 0.4 | O125: =m1bj!W78 -> 0.4 | Q125: x7 | R125: =m1bj!V101 -> 0.4 | S125: =m1bj!W101 -> 0.4 | U125: x7 | V125: =m1bj!V125 -> 0.4 | W125: =m1bj!W125 -> 0.4
A126: x8 | B126: =m1bj!V9 -> 0 | C126: =m1bj!W9 -> 0 | E126: x8 | F126: =m1bj!V32 -> 0 | G126: =m1bj!W32 -> 0 | I126: x8 | J126: =m1bj!V55 -> 0 | K126: =m1bj!W55 -> 0 | M126: x8 | N126: =m1bj!V79 -> 0 | O126: =m1bj!W79 -> 0 | Q126: x8 | R126: =m1bj!V102 -> 0 | S126: =m1bj!W102 -> 0 | U126: x8 | V126: =m1bj!V126 -> 0 | W126: =m1bj!W126 -> 0
A127: x9 | B127: =m1bj!V10 -> 0 | C127: =m1bj!W10 -> 0 | E127: x9 | F127: =m1bj!V33 -> 0.2 | G127: =m1bj!W33 -> 0.2 | I127: x9 | J127: =m1bj!V56 -> 0.2 | K127: =m1bj!W56 -> 0.2 | M127: x9 | N127: =m1bj!V80 -> 0.2 | O127: =m1bj!W80 -> 0.2 | Q127: x9 | R127: =m1bj!V103 -> 0.2 | S127: =m1bj!W103 -> 0.2 | U127: x9 | V127: =m1bj!V127 -> 0.2 | W127: =m1bj!W127 -> 0.2
A128: x10 | B128: =m1bj!V11 -> 0 | C128: =m1bj!W11 -> 0 | E128: x10 | F128: =m1bj!V34 -> 0 | G128: =m1bj!W34 -> 0 | I128: x10 | J128: =m1bj!V57 -> 0 | K128: =m1bj!W57 -> 0 | M128: x10 | N128: =m1bj!V81 -> 0 | O128: =m1bj!W81 -> 0 | Q128: x10 | R128: =m1bj!V104 -> 0 | S128: =m1bj!W104 -> 0 | U128: x10 | V128: =m1bj!V128 -> 0 | W128: =m1bj!W128 -> 0
A129: x11 | B129: =m1bj!V12 -> 0.2 | C129: =m1bj!W12 -> 0.2 | E129: x11 | F129: =m1bj!V35 -> 0.2 | G129: =m1bj!W35 -> 0.2 | I129: x11 | J129: =m1bj!V58 -> 0 | K129: =m1bj!W58 -> 0 | M129: x11 | N129: =m1bj!V82 -> 0.2 | O129: =m1bj!W82 -> 0.2 | Q129: x11 | R129: =m1bj!V105 -> 0.2 | S129: =m1bj!W105 -> 0.2 | U129: x11 | V129: =m1bj!V129 -> 0 | W129: =m1bj!W129 -> 0
A130: x12 | B130: =m1bj!V13 -> 0 | C130: =m1bj!W13 -> 0 | E130: x12 | F130: =m1bj!V36 -> 0 | G130: =m1bj!W36 -> 0 | I130: x12 | J130: =m1bj!V59 -> 0.2 | K130: =m1bj!W59 -> 0.2 | M130: x12 | N130: =m1bj!V83 -> 0 | O130: =m1bj!W83 -> 0 | Q130: x12 | R130: =m1bj!V106 -> 0 | S130: =m1bj!W106 -> 0 | U130: x12 | V130: =m1bj!V130 -> 0 | W130: =m1bj!W130 -> 0
... A137: x19 | B137: =m1bj!V20 -> 0.2 | C137: =m1bj!W20 -> 0.2 | E137: x19 | F137: =m1bj!V43 -> 0 | G137: =m1bj!W43 -> 0 | I137: x19 | J137: =m1bj!V66 -> 0.6 | K137: =m1bj!W66 -> 0.6 | M137: x19 | N137: =m1bj!V90 -> 0 | O137: =m1bj!W90 -> 0 | Q137: x19 | R137: =m1bj!V113 -> 0.6 | S137: =m1bj!W113 -> 0.6 | U137: x19 | V137: =m1bj!V137 -> 0 | W137: =m1bj!W137 -> 0
B138: =SUM(B119:B137) -> 2.6 | C138: =SUM(C119:C137) -> 2.6 | F138: =SUM(F119:F137) -> 3.2 | G138: =SUM(G119:G137) -> 3.2 | J138: =SUM(J119:J137) -> 3 | K138: =SUM(K119:K137) -> 3 | N138: =SUM(N119:N137) -> 2.4 | O138: =SUM(O119:O137) -> 2.4 | R138: =SUM(R119:R137) -> 3.6 | S138: =SUM(S119:S137) -> 3.6 | V138: =SUM(V119:V137) -> 2.4 | W138: =SUM(W119:W137) -> 2.4
A139: 1/19*SUM | D139: =1/19*(B138+C138) -> 0.27368421 | H139: =1/19*(F138+G138) -> 0.33684211 | L139: =1/19*(J138+K138) -> 0.31578947 | P139: =1/19*(N138+O138) -> 0.25263158 | T139: =1/19*(R138+S138) -> 0.37894737 | X139: =1/19*(V138+W138) -> 0.25263158 | Y139: min | Z139: =MIN(B139:Y139) -> 0.25263158
L142: MIN (Mj, B1) | N142: =Z22 -> 0.18947368
L143: MIN (Mj, B2) | N143: =Z45 -> 0.23157895
L144: MIN (Mj, B3) | N144: =Z68 -> 0.16842105
L145: MIN (Mj, B4) | N145: =Z92 -> 0.10526316
...

Sheet m1bj
A1: M1B1 | B1: miu | C1: v | E1: M1B2 | F1: miu | G1: v | I1: M1B3 | J1: miu | K1: v | M1: M1B4 | N1: miu | O1: v | Q1: M1B5 | R1: miu | S1: v | U1: M1B6 | V1: miu | W1: v
A2: x1 | B2: =ABS('rekap M'!C3-'rekap B'!C3) -> 0 | C2: =ABS('rekap M'!D3-'rekap B'!D3) -> 0 | E2: x1 | F2: =ABS('rekap M'!C3-'rekap B'!E3) -> 0 | G2: =ABS('rekap M'!D3-'rekap B'!F3) -> 0 | I2: x1 | J2: =ABS('rekap M'!C3-'rekap B'!G3) -> 0.2 | K2: =ABS('rekap M'!D3-'rekap B'!H3) -> 0.2 | M2: x1 | N2: =ABS('rekap M'!C3-'rekap B'!I3) -> 0.2 | O2: =ABS('rekap M'!D3-'rekap B'!J3) -> 0.2 | Q2: x1 | R2: =ABS('rekap M'!C3-'rekap B'!K3) -> 0.2 | S2: =ABS('rekap M'!D3-'rekap B'!L3) -> 0.2 | U2: x1 | V2: =ABS('rekap M'!C3-'rekap B'!M3) -> 0 | W2: =ABS('rekap M'!D3-'rekap B'!N3) -> 0
A3: x2 | B3: =ABS('rekap M'!C4-'rekap B'!C4) -> 0.4 | C3: =ABS('rekap M'!D4-'rekap B'!D4) -> 0.4 | E3: x2 | F3: =ABS('rekap M'!C4-'rekap B'!E4) -> 0.6 | G3: =ABS('rekap M'!D4-'rekap B'!F4) -> 0.6 | I3: x2 | J3: =ABS('rekap M'!C4-'rekap B'!G4) -> 0 | K3: =ABS('rekap M'!D4-'rekap B'!H4) -> 0 | M3: x2 | N3: =ABS('rekap M'!C4-'rekap B'!I4) -> 0 | O3: =ABS('rekap M'!D4-'rekap B'!J4) -> 0 | Q3: x2 | R3: =ABS('rekap M'!C4-'rekap B'!K4) -> 0.4 | S3: =ABS('rekap M'!D4-'rekap B'!L4) -> 0.4 | U3: x2 | V3: =ABS('rekap M'!C4-'rekap B'!M4) -> 0.6 | W3: =ABS('rekap M'!D4-'rekap B'!N4) -> 0.6
A4: x3 | B4: =ABS('rekap M'!C5-'rekap B'!C5) -> 0 | C4: =ABS('rekap M'!D5-'rekap B'!D5) -> 0 | E4: x3 | F4: =ABS('rekap M'!C5-'rekap B'!E5) -> 0 | G4: =ABS('rekap M'!D5-'rekap B'!F5) -> 0 | I4: x3 | J4: =ABS('rekap M'!C5-'rekap B'!G5) -> 0 | K4: =ABS('rekap M'!D5-'rekap B'!H5) -> 0 | M4: x3 | N4: =ABS('rekap M'!C5-'rekap B'!I5) -> 0 | O4: =ABS('rekap M'!D5-'rekap B'!J5) -> 0 | Q4: x3 | R4: =ABS('rekap M'!C5-'rekap B'!K5) -> 0 | S4: =ABS('rekap M'!D5-'rekap B'!L5) -> 0 | U4: x3 | V4: =ABS('rekap M'!C5-'rekap B'!M5) -> 0 | W4: =ABS('rekap M'!D5-'rekap B'!N5) -> 0
A5: x4 | B5: =ABS('rekap M'!C6-'rekap B'!C6) -> 0 | C5: =ABS('rekap M'!D6-'rekap B'!D6) -> 0 | E5: x4 | F5: =ABS('rekap M'!C6-'rekap B'!E6) -> 0 | G5: =ABS('rekap M'!D6-'rekap B'!F6) -> 0 | I5: x4 | J5: =ABS('rekap M'!C6-'rekap B'!G6) -> 0 | K5: =ABS('rekap M'!D6-'rekap B'!H6) -> 0 | M5: x4 | N5: =ABS('rekap M'!C6-'rekap B'!I6) -> 0 | O5: =ABS('rekap M'!D6-'rekap B'!J6) -> 0 | Q5: x4 | R5: =ABS('rekap M'!C6-'rekap B'!K6) -> 0 | S5: =ABS('rekap M'!D6-'rekap B'!L6) -> 0 | U5: x4 | V5: =ABS('rekap M'!C6-'rekap B'!M6) -> 0 | W5: =ABS('rekap M'!D6-'rekap B'!N6) -> 0
A6: x5 | B6: =ABS('rekap M'!C7-'rekap B'!C7) -> 0.2 | C6: =ABS('rekap M'!D7-'rekap B'!D7) -> 0.2 | E6: x5 | F6: =ABS('rekap M'!C7-'rekap B'!E7) -> 0 | G6: =ABS('rekap M'!D7-'rekap B'!F7) -> 0 | I6: x5 | J6: =ABS('rekap M'!C7-'rekap B'!G7) -> 0 | K6: =ABS('rekap M'!D7-'rekap B'!H7) -> 0 | M6: x5 | N6: =ABS('rekap M'!C7-'rekap B'!I7) -> 0 | O6: =ABS('rekap M'!D7-'rekap B'!J7) -> 0 | Q6: x5 | R6: =ABS('rekap M'!C7-'rekap B'!K7) -> 0 | S6: =ABS('rekap M'!D7-'rekap B'!L7) -> 0 | U6: x5 | V6: =ABS('rekap M'!C7-'rekap B'!M7) -> 0.2 | W6: =ABS('rekap M'!D7-'rekap B'!N7) -> 0.2
A7: x6 | B7: =ABS('rekap M'!C8-'rekap B'!C8) -> 0.2 | C7: =ABS('rekap M'!D8-'rekap B'!D8) -> 0.2 | E7: x6 | F7: =ABS('rekap M'!C8-'rekap B'!E8) -> 0.2 | G7: =ABS('rekap M'!D8-'rekap B'!F8) -> 0.2 | I7: x6 | J7: =ABS('rekap M'!C8-'rekap B'!G8) -> 0.2 | K7: =ABS('rekap M'!D8-'rekap B'!H8) -> 0.2 | M7: x6 | N7: =ABS('rekap M'!C8-'rekap B'!I8) -> 0.2 | O7: =ABS('rekap M'!D8-'rekap B'!J8) -> 0.2 | Q7: x6 | R7: =ABS('rekap M'!C8-'rekap B'!K8) -> 0 | S7: =ABS('rekap M'!D8-'rekap B'!L8) -> 0 | U7: x6 | V7: =ABS('rekap M'!C8-'rekap B'!M8) -> 0.2 | W7: =ABS('rekap M'!D8-'rekap B'!N8) -> 0.2
A8: x7 | B8: =ABS('rekap M'!C9-'rekap B'!C9) -> 0 | C8: =ABS('rekap M'!D9-'rekap B'!D9) -> 0 | E8: x7 | F8: =ABS('rekap M'!C9-'rekap B'!E9) -> 0 | G8: =ABS('rekap M'!D9-'rekap B'!F9) -> 0 | I8: x7 | J8: =ABS('rekap M'!C9-'rekap B'!G9) -> 0 | K8: =ABS('rekap M'!D9-'rekap B'!H9) -> 0 | M8: x7 | N8: =ABS('rekap M'!C9-'rekap B'!I9) -> 0 | O8: =ABS('rekap M'!D9-'rekap B'!J9) -> 0 | Q8: x7 | R8: =ABS('rekap M'!C9-'rekap B'!K9) -> 0 | S8: =ABS('rekap M'!D9-'rekap B'!L9) -> 0 | U8: x7 | V8: =ABS('rekap M'!C9-'rekap B'!M9) -> 0.4 | W8: =ABS('rekap M'!D9-'rekap B'!N9) -> 0.4
A9: x8 | B9: =ABS('rekap M'!C10-'rekap B'!C10) -> 0 | C9: =ABS('rekap M'!D10-'rekap B'!D10) -> 0 | E9: x8 | F9: =ABS('rekap M'!C10-'rekap B'!E10) -> 0.6 | G9: =ABS('rekap M'!D10-'rekap B'!F10) -> 0.6 | I9: x8 | J9: =ABS('rekap M'!C10-'rekap B'!G10) -> 0 | K9: =ABS('rekap M'!D10-'rekap B'!H10) -> 0 | M9: x8 | N9: =ABS('rekap M'!C10-'rekap B'!I10) -> 0 | O9: =ABS('rekap M'!D10-'rekap B'!J10) -> 0 | Q9: x8 | R9: =ABS('rekap M'!C10-'rekap B'!K10) -> 0.2 | S9: =ABS('rekap M'!D10-'rekap B'!L10) -> 0.2 | U9: x8 | V9: =ABS('rekap M'!C10-'rekap B'!M10) -> 0 | W9: =ABS('rekap M'!D10-'rekap B'!N10) -> 0
A10: x9 | B10: =ABS('rekap M'!C11-'rekap B'!C11) -> 0 | C10: =ABS('rekap M'!D11-'rekap B'!D11) -> 0 | E10: x9 | F10: =ABS('rekap M'!C11-'rekap B'!E11) -> 0.2 | G10: =ABS('rekap M'!D11-'rekap B'!F11) -> 0.2 | I10: x9 | J10: =ABS('rekap M'!C11-'rekap B'!G11) -> 0.2 | K10: =ABS('rekap M'!D11-'rekap B'!H11) -> 0.2 | M10: x9 | N10: =ABS('rekap M'!C11-'rekap B'!I11) -> 0.2 | O10: =ABS('rekap M'!D11-'rekap B'!J11) -> 0.2 | Q10: x9 | R10: =ABS('rekap M'!C11-'rekap B'!K11) -> 0 | S10: =ABS('rekap M'!D11-'rekap B'!L11) -> 0 | U10: x9 | V10: =ABS('rekap M'!C11-'rekap B'!M11) -> 0 | W10: =ABS('rekap M'!D11-'rekap B'!N11) -> 0
A11: x10 | B11: =ABS('rekap M'!C12-'rekap B'!C12) -> 0 | C11: =ABS('rekap M'!D12-'rekap B'!D12) -> 0 | E11: x10 | F11: =ABS('rekap M'!C12-'rekap B'!E12) -> 0 | G11: =ABS('rekap M'!D12-'rekap B'!F12) -> 0 | I11: x10 | J11: =ABS('rekap M'!C12-'rekap B'!G12) -> 0 | K11: =ABS('rekap M'!D12-'rekap B'!H12) -> 0 | M11: x10 | N11: =ABS('rekap M'!C12-'rekap B'!I12) -> 0 | O11: =ABS('rekap M'!D12-'rekap B'!J12) -> 0 | Q11: x10 | R11: =ABS('rekap M'!C12-'rekap B'!K12) -> 0 | S11: =ABS('rekap M'!D12-'rekap B'!L12) -> 0 | U11: x10 | V11: =ABS('rekap M'!C12-'rekap B'!M12) -> 0 | W11: =ABS('rekap M'!D12-'rekap B'!N12) -> 0
A12: x11 | B12: =ABS('rekap M'!C13-'rekap B'!C13) -> 0.2 | C12: =ABS('rekap M'!D13-'rekap B'!D13) -> 0.2 | E12: x11 | F12: =ABS('rekap M'!C13-'rekap B'!E13) -> 0.4 | G12: =ABS('rekap M'!D13-'rekap B'!F13) -> 0.4 | I12: x11 | J12: =ABS('rekap M'!C13-'rekap B'!G13) -> 0 | K12: =ABS('rekap M'!D13-'rekap B'!H13) -> 0 | M12: x11 | N12: =ABS('rekap M'!C13-'rekap B'!I13) -> 0 | O12: =ABS('rekap M'!D13-'rekap B'!J13) -> 0 | Q12: x11 | R12: =ABS('rekap M'!C13-'rekap B'!K13) -> 0.2 | S12: =ABS('rekap M'!D13-'rekap B'!L13) -> 0.2 | U12: x11 | V12: =ABS('rekap M'!C13-'rekap B'!M13) -> 0.2 | W12: =ABS('rekap M'!D13-'rekap B'!N13) -> 0.2
A13: x12 | B13: =ABS('rekap M'!C14-'rekap B'!C14) -> 0 | C13: =ABS('rekap M'!D14-'rekap B'!D14) -> 0 | E13: x12 | F13: =ABS('rekap M'!C14-'rekap B'!E14) -> 0 | G13: =ABS('rekap M'!D14-'rekap B'!F14) -> 0 | I13: x12 | J13: =ABS('rekap M'!C14-'rekap B'!G14) -> 0 | K13: =ABS('rekap M'!D14-'rekap B'!H14) -> 0 | M13: x12 | N13: =ABS('rekap M'!C14-'rekap B'!I14) -> 0 | O13: =ABS('rekap M'!D14-'rekap B'!J14) -> 0 | Q13: x12 | R13: =ABS('rekap M'!C14-'rekap B'!K14) -> 0 | S13: =ABS('rekap M'!D14-'rekap B'!L14) -> 0 | U13: x12 | V13: =ABS('rekap M'!C14-'rekap B'!M14) -> 0 | W13: =ABS('rekap M'!D14-'rekap B'!N14) -> 0
... A20: x19 | B20: =ABS('rekap M'!C21-'rekap B'!C21) -> 0.2 | C20: =ABS('rekap M'!D21-'rekap B'!D21) -> 0.2 | E20: x19 | F20: =ABS('rekap M'!C21-'rekap B'!E21) -> 0.2 | G20: =ABS('rekap M'!D21-'rekap B'!F21) -> 0.2 | I20: x19 | J20: =ABS('rekap M'!C21-'rekap B'!G21) -> 0.2 | K20: =ABS('rekap M'!D21-'rekap B'!H21) -> 0.2 | M20: x19 | N20: =ABS('rekap M'!C21-'rekap B'!I21) -> 0.2 | O20: =ABS('rekap M'!D21-'rekap B'!J21) -> 0.2 | Q20: x19 | R20: =ABS('rekap M'!C21-'rekap B'!K21) -> 0.2 | S20: =ABS('rekap M'!D21-'rekap B'!L21) -> 0.2 | U20: x19 | V20: =ABS('rekap M'!C21-'rekap B'!M21) -> 0.2 | W20: =ABS('rekap M'!D21-'rekap B'!N21) -> 0.2
A21: SUM | B21: =SUM(B2:B20) -> 2.4 | C21: =SUM(C2:C20) -> 2.4 | F21: =SUM(F2:F20) -> 3.2 | G21: =SUM(G2:G20) -> 3.2 | J21: =SUM(J2:J20) -> 1.8 | K21: =SUM(K2:K20) -> 1.8 | N21: =SUM(N2:N20) -> 2.4 | O21: =SUM(O2:O20) -> 2.4 | R21: =SUM(R2:R20) -> 2.4 | S21: =SUM(S2:S20) -> 2.4 | V21: =SUM(V2:V20) -> 2.6 | W21: =SUM(W2:W20) -> 2.6
A22: 1/19*SUM | D22: =1/19*(B21+C21) -> 0.25263158 | H22: =1/19*(F21+G21) -> 0.33684211 | L22: =1/19*(J21+K21) -> 0.18947368 | P22: =1/19*(N21+O21) -> 0.25263158 | T22: =1/19*(R21+S21) -> 0.25263158 | X22: =1/19*(V21+W21) -> 0.27368421 | Y22: min | Z22: =MIN(B22:Y22) -> 0.18947368
A24: M2B1 | B24: miu | C24: v | E24: M2B2 | F24: miu | G24: v | I24: M2B3 | J24: miu | K24: v | M24: M2B4 | N24: miu | O24: v | Q24: M2B5 | R24: miu | S24: v | U24: M2B6 | V24: miu | W24: v
A25: x1 | B25: =ABS('rekap M'!E3-'rekap B'!C3) -> 0 | C25: =ABS('rekap M'!F3-'rekap B'!D3) -> 0 | E25: x1 | F25: =ABS('rekap M'!E3-'rekap B'!E3) -> 0 | G25: =ABS('rekap M'!F3-'rekap B'!F3) -> 0 | I25: x1 | J25: =ABS('rekap M'!E3-'rekap B'!G3) -> 0.2 | K25: =ABS('rekap M'!F3-'rekap B'!H3) -> 0.2 | M25: x1 | N25: =ABS('rekap M'!E3-'rekap B'!I3) -> 0.2 | O25: =ABS('rekap M'!F3-'rekap B'!J3) -> 0.2 | Q25: x1 | R25: =ABS('rekap M'!E3-'rekap B'!K3) -> 0.2 | S25: =ABS('rekap M'!F3-'rekap B'!L3) -> 0.2 | U25: x1 | V25: =ABS('rekap M'!E3-'rekap B'!M3) -> 0 | W25: =ABS('rekap M'!F3-'rekap B'!N3) -> 0
A26: x2 | B26: =ABS('rekap M'!E4-'rekap B'!C4) -> 0.4 | C26: =ABS('rekap M'!F4-'rekap B'!D4) -> 0.4 | E26: x2 | F26: =ABS('rekap M'!E4-'rekap B'!E4) -> 0.6 | G26: =ABS('rekap M'!F4-'rekap B'!F4) -> 0.6 | I26: x2 | J26: =ABS('rekap M'!E4-'rekap B'!G4) -> 0 | K26: =ABS('rekap M'!F4-'rekap B'!H4) -> 0 | M26: x2 | N26: =ABS('rekap M'!E4-'rekap B'!I4) -> 0 | O26: =ABS('rekap M'!F4-'rekap B'!J4) -> 0 | Q26: x2 | R26: =ABS('rekap M'!E4-'rekap B'!K4) -> 0.4 | S26: =ABS('rekap M'!F4-'rekap B'!L4) -> 0.4 | U26: x2 | V26: =ABS('rekap M'!E4-'rekap B'!M4) -> 0.6 | W26: =ABS('rekap M'!F4-'rekap B'!N4) -> 0.6
A27: x3 | B27: =ABS('rekap M'!E5-'rekap B'!C5) -> 0 | C27: =ABS('rekap M'!F5-'rekap B'!D5) -> 0 | E27: x3 | F27: =ABS('rekap M'!E5-'rekap B'!E5) -> 0 | G27: =ABS('rekap M'!F5-'rekap B'!F5) -> 0 | I27: x3 | J27: =ABS('rekap M'!E5-'rekap B'!G5) -> 0 | K27: =ABS('rekap M'!F5-'rekap B'!H5) -> 0 | M27: x3 | N27: =ABS('rekap M'!E5-'rekap B'!I5) -> 0 | O27: =ABS('rekap M'!F5-'rekap B'!J5) -> 0 | Q27: x3 | R27: =ABS('rekap M'!E5-'rekap B'!K5) -> 0 | S27: =ABS('rekap M'!F5-'rekap B'!L5) -> 0 | U27: x3 | V27: =ABS('rekap M'!E5-'rekap B'!M5) -> 0 | W27: =ABS('rekap M'!F5-'rekap B'!N5) -> 0
A28: x4 | B28: =ABS('rekap M'!E6-'rekap B'!C6) -> 0 | C28: =ABS('rekap M'!F6-'rekap B'!D6) -> 0 | E28: x4 | F28: =ABS('rekap M'!E6-'rekap B'!E6) -> 0 | G28: =ABS('rekap M'!F6-'rekap B'!F6) -> 0 | I28: x4 | J28: =ABS('rekap M'!E6-'rekap B'!G6) -> 0 | K28: =ABS('rekap M'!F6-'rekap B'!H6) -> 0 | M28: x4 | N28: =ABS('rekap M'!E6-'rekap B'!I6) -> 0 | O28: =ABS('rekap M'!F6-'rekap B'!J6) -> 0 | Q28: x4 | R28: =ABS('rekap M'!E6-'rekap B'!K6) -> 0 | S28: =ABS('rekap M'!F6-'rekap B'!L6) -> 0 | U28: x4 | V28: =ABS('rekap M'!E6-'rekap B'!M6) -> 0 | W28: =ABS('rekap M'!F6-'rekap B'!N6) -> 0
A29: x5 | B29: =ABS('rekap M'!E7-'rekap B'!C7) -> 0.2 | C29: =ABS('rekap M'!F7-'rekap B'!D7) -> 0.2 | E29: x5 | F29: =ABS('rekap M'!E7-'rekap B'!E7) -> 0 | G29: =ABS('rekap M'!F7-'rekap B'!F7) -> 0 | I29: x5 | J29: =ABS('rekap M'!E7-'rekap B'!G7) -> 0 | K29: =ABS('rekap M'!F7-'rekap B'!H7) -> 0 | M29: x5 | N29: =ABS('rekap M'!E7-'rekap B'!I7) -> 0 | O29: =ABS('rekap M'!F7-'rekap B'!J7) -> 0 | Q29: x5 | R29: =ABS('rekap M'!E7-'rekap B'!K7) -> 0 | S29: =ABS('rekap M'!F7-'rekap B'!L7) -> 0 | U29: x5 | V29: =ABS('rekap M'!E7-'rekap B'!M7) -> 0.2 | W29: =ABS('rekap M'!F7-'rekap B'!N7) -> 0.2
A30: x6 | B30: =ABS('rekap M'!E8-'rekap B'!C8) -> 0.4 | C30: =ABS('rekap M'!F8-'rekap B'!D8) -> 0.4 | E30: x6 | F30: =ABS('rekap M'!E8-'rekap B'!E8) -> 0 | G30: =ABS('rekap M'!F8-'rekap B'!F8) -> 0 | I30: x6 | J30: =ABS('rekap M'!E8-'rekap B'!G8) -> 0 | K30: =ABS('rekap M'!F8-'rekap B'!H8) -> 0 | M30: x6 | N30: =ABS('rekap M'!E8-'rekap B'!I8) -> 0 | O30: =ABS('rekap M'!F8-'rekap B'!J8) -> 0 | Q30: x6 | R30: =ABS('rekap M'!E8-'rekap B'!K8) -> 0.2 | S30: =ABS('rekap M'!F8-'rekap B'!L8) -> 0.2 | U30: x6 | V30: =ABS('rekap M'!E8-'rekap B'!M8) -> 0 | W30: =ABS('rekap M'!F8-'rekap B'!N8) -> 0
A31: x7 | B31: =ABS('rekap M'!E9-'rekap B'!C9) -> 0 | C31: =ABS('rekap M'!F9-'rekap B'!D9) -> 0 | E31: x7 | F31: =ABS('rekap M'!E9-'rekap B'!E9) -> 0 | G31: =ABS('rekap M'!F9-'rekap B'!F9) -> 0 | I31: x7 | J31: =ABS('rekap M'!E9-'rekap B'!G9) -> 0 | K31: =ABS('rekap M'!F9-'rekap B'!H9) -> 0 | M31: x7 | N31: =ABS('rekap M'!E9-'rekap B'!I9) -> 0 | O31: =ABS('rekap M'!F9-'rekap B'!J9) -> 0 | Q31: x7 | R31: =ABS('rekap M'!E9-'rekap B'!K9) -> 0 | S31: =ABS('rekap M'!F9-'rekap B'!L9) -> 0 | U31: x7 | V31: =ABS('rekap M'!E9-'rekap B'!M9) -> 0.4 | W31: =ABS('rekap M'!F9-'rekap B'!N9) -> 0.4
A32: x8 | B32: =ABS('rekap M'!E10-'rekap B'!C10) -> 0 | C32: =ABS('rekap M'!F10-'rekap B'!D10) -> 0 | E32: x8 | F32: =ABS('rekap M'!E10-'rekap B'!E10) -> 0.6 | G32: =ABS('rekap M'!F10-'rekap B'!F10) -> 0.6 | I32: x8 | J32: =ABS('rekap M'!E10-'rekap B'!G10) -> 0 | K32: =ABS('rekap M'!F10-'rekap B'!H10) -> 0 | M32: x8 | N32: =ABS('rekap M'!E10-'rekap B'!I10) -> 0 | O32: =ABS('rekap M'!F10-'rekap B'!J10) -> 0 | Q32: x8 | R32: =ABS('rekap M'!E10-'rekap B'!K10) -> 0.2 | S32: =ABS('rekap M'!F10-'rekap B'!L10) -> 0.2 | U32: x8 | V32: =ABS('rekap M'!E10-'rekap B'!M10) -> 0 | W32: =ABS('rekap M'!F10-'rekap B'!N10) -> 0
A33: x9 | B33: =ABS('rekap M'!E11-'rekap B'!C11) -> 0.2 | C33: =ABS('rekap M'!F11-'rekap B'!D11) -> 0.2 | E33: x9 | F33: =ABS('rekap M'!E11-'rekap B'!E11) -> 0 | G33: =ABS('rekap M'!F11-'rekap B'!F11) -> 0 | I33: x9 | J33: =ABS('rekap M'!E11-'rekap B'!G11) -> 0.4 | K33: =ABS('rekap M'!F11-'rekap B'!H11) -> 0.4 | M33: x9 | N33: =ABS('rekap M'!E11-'rekap B'!I11) -> 0 | O33: =ABS('rekap M'!F11-'rekap B'!J11) -> 0 | Q33: x9 | R33: =ABS('rekap M'!E11-'rekap B'!K11) -> 0.2 | S33: =ABS('rekap M'!F11-'rekap B'!L11) -> 0.2 | U33: x9 | V33: =ABS('rekap M'!E11-'rekap B'!M11) -> 0.2 | W33: =ABS('rekap M'!F11-'rekap B'!N11) -> 0.2
A34: x10 | B34: =ABS('rekap M'!E12-'rekap B'!C12) -> 0 | C34: =ABS('rekap M'!F12-'rekap B'!D12) -> 0 | E34: x10 | F34: =ABS('rekap M'!E12-'rekap B'!E12) -> 0 | G34: =ABS('rekap M'!F12-'rekap B'!F12) -> 0 | I34: x10 | J34: =ABS('rekap M'!E12-'rekap B'!G12) -> 0 | K34: =ABS('rekap M'!F12-'rekap B'!H12) -> 0 | M34: x10 | N34: =ABS('rekap M'!E12-'rekap B'!I12) -> 0 | O34: =ABS('rekap M'!F12-'rekap B'!J12) -> 0 | Q34: x10 | R34: =ABS('rekap M'!E12-'rekap B'!K12) -> 0 | S34: =ABS('rekap M'!F12-'rekap B'!L12) -> 0 | U34: x10 | V34: =ABS('rekap M'!E12-'rekap B'!M12) -> 0 | W34: =ABS('rekap M'!F12-'rekap B'!N12) -> 0
A35: x11 | B35: =ABS('rekap M'!E13-'rekap B'!C13) -> 0.2 | C35: =ABS('rekap M'!F13-'rekap B'!D13) -> 0.2 | E35: x11 | F35: =ABS('rekap M'!E13-'rekap B'!E13) -> 0.4 | G35: =ABS('rekap M'!F13-'rekap B'!F13) -> 0.4 | I35: x11 | J35: =ABS('rekap M'!E13-'rekap B'!G13) -> 0 | K35: =ABS('rekap M'!F13-'rekap B'!H13) -> 0 | M35: x11 | N35: =ABS('rekap M'!E13-'rekap B'!I13) -> 0 | O35: =ABS('rekap M'!F13-'rekap B'!J13) -> 0 | Q35: x11 | R35: =ABS('rekap M'!E13-'rekap B'!K13) -> 0.2 | S35: =ABS('rekap M'!F13-'rekap B'!L13) -> 0.2 | U35: x11 | V35: =ABS('rekap M'!E13-'rekap B'!M13) -> 0.2 | W35: =ABS('rekap M'!F13-'rekap B'!N13) -> 0.2
A36: x12 | B36: =ABS('rekap M'!E14-'rekap B'!C14) -> 0 | C36: =ABS('rekap M'!F14-'rekap B'!D14) -> 0 | E36: x12 | F36: =ABS('rekap M'!E14-'rekap B'!E14) -> 0 | G36: =ABS('rekap M'!F14-'rekap B'!F14) -> 0 | I36: x12 | J36: =ABS('rekap M'!E14-'rekap B'!G14) -> 0 | K36: =ABS('rekap M'!F14-'rekap B'!H14) -> 0 | M36: x12 | N36: =ABS('rekap M'!E14-'rekap B'!I14) -> 0 | O36: =ABS('rekap M'!F14-'rekap B'!J14) -> 0 | Q36: x12 | R36: =ABS('rekap M'!E14-'rekap B'!K14) -> 0 | S36: =ABS('rekap M'!F14-'rekap B'!L14) -> 0 | U36: x12 | V36: =ABS('rekap M'!E14-'rekap B'!M14) -> 0 | W36: =ABS('rekap M'!F14-'rekap B'!N14) -> 0
... A43: x19 | B43: =ABS('rekap M'!E21-'rekap B'!C21) -> 0 | C43: =ABS('rekap M'!F21-'rekap B'!D21) -> 0 | E43: x19 | F43: =ABS('rekap M'!E21-'rekap B'!E21) -> 0 | G43: =ABS('rekap M'!F21-'rekap B'!F21) -> 0 | I43: x19 | J43: =ABS('rekap M'!E21-'rekap B'!G21) -> 0 | K43: =ABS('rekap M'!F21-'rekap B'!H21) -> 0 | M43: x19 | N43: =ABS('rekap M'!E21-'rekap B'!I21) -> 0 | O43: =ABS('rekap M'!F21-'rekap B'!J21) -> 0 | Q43: x19 | R43: =ABS('rekap M'!E21-'rekap B'!K21) -> 0 | S43: =ABS('rekap M'!F21-'rekap B'!L21) -> 0 | U43: x19 | V43: =ABS('rekap M'!E21-'rekap B'!M21) -> 0 | W43: =ABS('rekap M'!F21-'rekap B'!N21) -> 0
B44: =SUM(B25:B43) -> 1.8 | C44: =SUM(C25:C43) -> 1.8 | F44: =SUM(F25:F43) -> 2.2 | G44: =SUM(G25:G43) -> 2.2 | J44: =SUM(J25:J43) -> 1.6 | K44: =SUM(K25:K43) -> 1.6 | N44: =SUM(N25:N43) -> 1 | O44: =SUM(O25:O43) -> 1 | R44: =SUM(R25:R43) -> 1.8 | S44: =SUM(S25:S43) -> 1.8 | V44: =SUM(V25:V43) -> 3.2 | W44: =SUM(W25:W43) -> 3.2
A45: 1/19*SUM | D45: =1/19*(B44+C44) -> 0.18947368 | H45: =1/19*(F44+G44) -> 0.23157895 | L45: =1/19*(J44+K44) -> 0.16842105 | P45: =1/19*(N44+O44) -> 0.10526316 | T45: =1/19*(R44+S44) -> 0.18947368 | X45: =1/19*(V44+W44) -> 0.33684211 | Y45: min | Z45: =MIN(B45:Y45) -> 0.10526316
A47: M3B1 | B47: miu | C47: v | E47: M3B2 | F47: miu | G47: v | I47: M3B3 | J47: miu | K47: v | M47: M3B4 | N47: miu | O47: v | Q47: M3B5 | R47: miu | S47: v | U47: M3B6 | V47: miu | W47: v
A48: x1 | B48: =ABS('rekap M'!G3-'rekap B'!C3) -> 0 | C48: =ABS('rekap M'!H3-'rekap B'!D3) -> 0 | E48: x1 | F48: =ABS('rekap M'!G3-'rekap B'!E3) -> 0 | G48: =ABS('rekap M'!H3-'rekap B'!F3) -> 0 | I48: x1 | J48: =ABS('rekap M'!G3-'rekap B'!G3) -> 0.2 | K48: =ABS('rekap M'!H3-'rekap B'!H3) -> 0.2 | M48: x1 | N48: =ABS('rekap M'!G3-'rekap B'!I3) -> 0.2 | O48: =ABS('rekap M'!H3-'rekap B'!J3) -> 0.2 | Q48: x1 | R48: =ABS('rekap M'!G3-'rekap B'!K3) -> 0.2 | S48: =ABS('rekap M'!H3-'rekap B'!L3) -> 0.2 | U48: x1 | V48: =ABS('rekap M'!G3-'rekap B'!M3) -> 0 | W48: =ABS('rekap M'!H3-'rekap B'!N3) -> 0
A49: x2 | B49: =ABS('rekap M'!G4-'rekap B'!C4) -> 0.4 | C49: =ABS('rekap M'!H4-'rekap B'!D4) -> 0.4 | E49: x2 | F49: =ABS('rekap M'!G4-'rekap B'!E4) -> 0.6 | G49: =ABS('rekap M'!H4-'rekap B'!F4) -> 0.6 | I49: x2 | J49: =ABS('rekap M'!G4-'rekap B'!G4) -> 0 | K49: =ABS('rekap M'!H4-'rekap B'!H4) -> 0 | M49: x2 | N49: =ABS('rekap M'!G4-'rekap B'!I4) -> 0 | O49: =ABS('rekap M'!H4-'rekap B'!J4) -> 0 | Q49: x2 | R49: =ABS('rekap M'!G4-'rekap B'!K4) -> 0.4 | S49: =ABS('rekap M'!H4-'rekap B'!L4) -> 0.4 | U49: x2 | V49: =ABS('rekap M'!G4-'rekap B'!M4) -> 0.6 | W49: =ABS('rekap M'!H4-'rekap B'!N4) -> 0.6
A50: x3 | B50: =ABS('rekap M'!G5-'rekap B'!C5) -> 0 | C50: =ABS('rekap M'!H5-'rekap B'!D5) -> 0 | E50: x3 | F50: =ABS('rekap M'!G5-'rekap B'!E5) -> 0 | G50: =ABS('rekap M'!H5-'rekap B'!F5) -> 0 | I50: x3 | J50: =ABS('rekap M'!G5-'rekap B'!G5) -> 0 | K50: =ABS('rekap M'!H5-'rekap B'!H5) -> 0 | M50: x3 | N50: =ABS('rekap M'!G5-'rekap B'!I5) -> 0 | O50: =ABS('rekap M'!H5-'rekap B'!J5) -> 0 | Q50: x3 | R50: =ABS('rekap M'!G5-'rekap B'!K5) -> 0 | S50: =ABS('rekap M'!H5-'rekap B'!L5) -> 0 | U50: x3 | V50: =ABS('rekap M'!G5-'rekap B'!M5) -> 0 | W50: =ABS('rekap M'!H5-'rekap B'!N5) -> 0
A51: x4 | B51: =ABS('rekap M'!G6-'rekap B'!C6) -> 0 | C51: =ABS('rekap M'!H6-'rekap B'!D6) -> 0 | E51: x4 | F51: =ABS('rekap M'!G6-'rekap B'!E6) -> 0 | G51: =ABS('rekap M'!H6-'rekap B'!F6) -> 0 | I51: x4 | J51: =ABS('rekap M'!G6-'rekap B'!G6) -> 0 | K51: =ABS('rekap M'!H6-'rekap B'!H6) -> 0 | M51: x4 | N51: =ABS('rekap M'!G6-'rekap B'!I6) -> 0 | O51: =ABS('rekap M'!H6-'rekap B'!J6) -> 0 | Q51: x4 | R51: =ABS('rekap M'!G6-'rekap B'!K6) -> 0 | S51: =ABS('rekap M'!H6-'rekap B'!L6) -> 0 | U51: x4 | V51: =ABS('rekap M'!G6-'rekap B'!M6) -> 0 | W51: =ABS('rekap M'!H6-'rekap B'!N6) -> 0
A52: x5 | B52: =ABS('rekap M'!G7-'rekap B'!C7) -> 0.2 | C52: =ABS('rekap M'!H7-'rekap B'!D7) -> 0.2 | E52: x5 | F52: =ABS('rekap M'!G7-'rekap B'!E7) -> 0 | G52: =ABS('rekap M'!H7-'rekap B'!F7) -> 0 | I52: x5 | J52: =ABS('rekap M'!G7-'rekap B'!G7) -> 0 | K52: =ABS('rekap M'!H7-'rekap B'!H7) -> 0 | M52: x5 | N52: =ABS('rekap M'!G7-'rekap B'!I7) -> 0 | O52: =ABS('rekap M'!H7-'rekap B'!J7) -> 0 | Q52: x5 | R52: =ABS('rekap M'!G7-'rekap B'!K7) -> 0 | S52: =ABS('rekap M'!H7-'rekap B'!L7) -> 0 | U52: x5 | V52: =ABS('rekap M'!G7-'rekap B'!M7) -> 0.2 | W52: =ABS('rekap M'!H7-'rekap B'!N7) -> 0.2
A53: x6 | B53: =ABS('rekap M'!G8-'rekap B'!C8) -> 0.4 | C53: =ABS('rekap M'!H8-'rekap B'!D8) -> 0.4 | E53: x6 | F53: =ABS('rekap M'!G8-'rekap B'!E8) -> 0 | G53: =ABS('rekap M'!H8-'rekap B'!F8) -> 0 | I53: x6 | J53: =ABS('rekap M'!G8-'rekap B'!G8) -> 0 | K53: =ABS('rekap M'!H8-'rekap B'!H8) -> 0 | M53: x6 | N53: =ABS('rekap M'!G8-'rekap B'!I8) -> 0 | O53: =ABS('rekap M'!H8-'rekap B'!J8) -> 0 | Q53: x6 | R53: =ABS('rekap M'!G8-'rekap B'!K8) -> 0.2 | S53: =ABS('rekap M'!H8-'rekap B'!L8) -> 0.2 | U53: x6 | V53: =ABS('rekap M'!G8-'rekap B'!M8) -> 0 | W53: =ABS('rekap M'!H8-'rekap B'!N8) -> 0
A54: x7 | B54: =ABS('rekap M'!G9-'rekap B'!C9) -> 0 | C54: =ABS('rekap M'!H9-'rekap B'!D9) -> 0 | E54: x7 | F54: =ABS('rekap M'!G9-'rekap B'!E9) -> 0 | G54: =ABS('rekap M'!H9-'rekap B'!F9) -> 0 | I54: x7 | J54: =ABS('rekap M'!G9-'rekap B'!G9) -> 0 | K54: =ABS('rekap M'!H9-'rekap B'!H9) -> 0 | M54: x7 | N54: =ABS('rekap M'!G9-'rekap B'!I9) -> 0 | O54: =ABS('rekap M'!H9-'rekap B'!J9) -> 0 | Q54: x7 | R54: =ABS('rekap M'!G9-'rekap B'!K9) -> 0 | S54: =ABS('rekap M'!H9-'rekap B'!L9) -> 0 | U54: x7 | V54: =ABS('rekap M'!G9-'rekap B'!M9) -> 0.4 | W54: =ABS('rekap M'!H9-'rekap B'!N9) -> 0.4
A55: x8 | B55: =ABS('rekap M'!G10-'rekap B'!C10) -> 0 | C55: =ABS('rekap M'!H10-'rekap B'!D10) -> 0 | E55: x8 | F55: =ABS('rekap M'!G10-'rekap B'!E10) -> 0.6 | G55: =ABS('rekap M'!H10-'rekap B'!F10) -> 0.6 | I55: x8 | J55: =ABS('rekap M'!G10-'rekap B'!G10) -> 0 | K55: =ABS('rekap M'!H10-'rekap B'!H10) -> 0 | M55: x8 | N55: =ABS('rekap M'!G10-'rekap B'!I10) -> 0 | O55: =ABS('rekap M'!H10-'rekap B'!J10) -> 0 | Q55: x8 | R55: =ABS('rekap M'!G10-'rekap B'!K10) -> 0.2 | S55: =ABS('rekap M'!H10-'rekap B'!L10) -> 0.2 | U55: x8 | V55: =ABS('rekap M'!G10-'rekap B'!M10) -> 0 | W55: =ABS('rekap M'!H10-'rekap B'!N10) -> 0
A56: x9 | B56: =ABS('rekap M'!G11-'rekap B'!C11) -> 0.2 | C56: =ABS('rekap M'!H11-'rekap B'!D11) -> 0.2 | E56: x9 | F56: =ABS('rekap M'!G11-'rekap B'!E11) -> 0 | G56: =ABS('rekap M'!H11-'rekap B'!F11) -> 0 | I56: x9 | J56: =ABS('rekap M'!G11-'rekap B'!G11) -> 0.4 | K56: =ABS('rekap M'!H11-'rekap B'!H11) -> 0.4 | M56: x9 | N56: =ABS('rekap M'!G11-'rekap B'!I11) -> 0 | O56: =ABS('rekap M'!H11-'rekap B'!J11) -> 0 | Q56: x9 | R56: =ABS('rekap M'!G11-'rekap B'!K11) -> 0.2 | S56: =ABS('rekap M'!H11-'rekap B'!L11) -> 0.2 | U56: x9 | V56: =ABS('rekap M'!G11-'rekap B'!M11) -> 0.2 | W56: =ABS('rekap M'!H11-'rekap B'!N11) -> 0.2
A57: x10 | B57: =ABS('rekap M'!G12-'rekap B'!C12) -> 0 | C57: =ABS('rekap M'!H12-'rekap B'!D12) -> 0 | E57: x10 | F57: =ABS('rekap M'!G12-'rekap B'!E12) -> 0 | G57: =ABS('rekap M'!H12-'rekap B'!F12) -> 0 | I57: x10 | J57: =ABS('rekap M'!G12-'rekap B'!G12) -> 0 | K57: =ABS('rekap M'!H12-'rekap B'!H12) -> 0 | M57: x10 | N57: =ABS('rekap M'!G12-'rekap B'!I12) -> 0 | O57: =ABS('rekap M'!H12-'rekap B'!J12) -> 0 | Q57: x10 | R57: =ABS('rekap M'!G12-'rekap B'!K12) -> 0 | S57: =ABS('rekap M'!H12-'rekap B'!L12) -> 0 | U57: x10 | V57: =ABS('rekap M'!G12-'rekap B'!M12) -> 0 | W57: =ABS('rekap M'!H12-'rekap B'!N12) -> 0
A58: x11 | B58: =ABS('rekap M'!G13-'rekap B'!C13) -> 0 | C58: =ABS('rekap M'!H13-'rekap B'!D13) -> 0 | E58: x11 | F58: =ABS('rekap M'!G13-'rekap B'!E13) -> 0.2 | G58: =ABS('rekap M'!H13-'rekap B'!F13) -> 0.2 | I58: x11 | J58: =ABS('rekap M'!G13-'rekap B'!G13) -> 0.2 | K58: =ABS('rekap M'!H13-'rekap B'!H13) -> 0.2 | M58: x11 | N58: =ABS('rekap M'!G13-'rekap B'!I13) -> 0.2 | O58: =ABS('rekap M'!H13-'rekap B'!J13) -> 0.2 | Q58: x11 | R58: =ABS('rekap M'!G13-'rekap B'!K13) -> 0 | S58: =ABS('rekap M'!H13-'rekap B'!L13) -> 0 | U58: x11 | V58: =ABS('rekap M'!G13-'rekap B'!M13) -> 0 | W58: =ABS('rekap M'!H13-'rekap B'!N13) -> 0
A59: x12 | B59: =ABS('rekap M'!G14-'rekap B'!C14) -> 0.2 | C59: =ABS('rekap M'!H14-'rekap B'!D14) -> 0.2 | E59: x12 | F59: =ABS('rekap M'!G14-'rekap B'!E14) -> 0.2 | G59: =ABS('rekap M'!H14-'rekap B'!F14) -> 0.2 | I59: x12 | J59: =ABS('rekap M'!G14-'rekap B'!G14) -> 0.2 | K59: =ABS('rekap M'!H14-'rekap B'!H14) -> 0.2 | M59: x12 | N59: =ABS('rekap M'!G14-'rekap B'!I14) -> 0.2 | O59: =ABS('rekap M'!H14-'rekap B'!J14) -> 0.2 | Q59: x12 | R59: =ABS('rekap M'!G14-'rekap B'!K14) -> 0.2 | S59: =ABS('rekap M'!H14-'rekap B'!L14) -> 0.2 | U59: x12 | V59: =ABS('rekap M'!G14-'rekap B'!M14) -> 0.2 | W59: =ABS('rekap M'!H14-'rekap B'!N14) -> 0.2
... A66: x19 | B66: =ABS('rekap M'!G21-'rekap B'!C21) -> 0.6 | C66: =ABS('rekap M'!H21-'rekap B'!D21) -> 0.6 | E66: x19 | F66: =ABS('rekap M'!G21-'rekap B'!E21) -> 0.6 | G66: =ABS('rekap M'!H21-'rekap B'!F21) -> 0.6 | I66: x19 | J66: =ABS('rekap M'!G21-'rekap B'!G21) -> 0.6 | K66: =ABS('rekap M'!H21-'rekap B'!H21) -> 0.6 | M66: x19 | N66: =ABS('rekap M'!G21-'rekap B'!I21) -> 0.6 | O66: =ABS('rekap M'!H21-'rekap B'!J21) -> 0.6 | Q66: x19 | R66: =ABS('rekap M'!G21-'rekap B'!K21) -> 0.6 | S66: =ABS('rekap M'!H21-'rekap B'!L21) -> 0.6 | U66: x19 | V66: =ABS('rekap M'!G21-'rekap B'!M21) -> 0.6 | W66: =ABS('rekap M'!H21-'rekap B'!N21) -> 0.6
B67: =SUM(B48:B66) -> 3.2 | C67: =SUM(C48:C66) -> 3.2 | F67: =SUM(F48:F66) -> 3.6 | G67: =SUM(G48:G66) -> 3.6 | J67: =SUM(J48:J66) -> 3.4 | K67: =SUM(K48:K66) -> 3.4 | N67: =SUM(N48:N66) -> 2.8 | O67: =SUM(O48:O66) -> 2.8 | R67: =SUM(R48:R66) -> 3.2 | S67: =SUM(S48:S66) -> 3.2 | V67: =SUM(V48:V66) -> 3 | W67: =SUM(W48:W66) -> 3
A68: 1/19*SUM | D68: =1/19*(B67+C67) -> 0.33684211 | H68: =1/19*(F67+G67) -> 0.37894737 | L68: =1/19*(J67+K67) -> 0.35789474 | P68: =1/19*(N67+O67) -> 0.29473684 | T68: =1/19*(R67+S67) -> 0.33684211 | X68: =1/19*(V67+W67) -> 0.31578947 | Y68: min | Z68: =MIN(B68:Y68) -> 0.29473684
A71: M4B1 | B71: miu | C71: v | E71: M4B2 | F71: miu | G71: v | I71: M4B3 | J71: miu | K71: v | M71: M4B4 | N71: miu | O71: v | Q71: M4B5 | R71: miu | S71: v | U71: M4B6 | V71: miu | W71: v
A72: x1 | B72: =ABS('rekap M'!I3-'rekap B'!C3) -> 0.2 | C72: =ABS('rekap M'!J3-'rekap B'!D3) -> 0.2 | E72: x1 | F72: =ABS('rekap M'!I3-'rekap B'!E3) -> 0.2 | G72: =ABS('rekap M'!J3-'rekap B'!F3) -> 0.2 | I72: x1 | J72: =ABS('rekap M'!I3-'rekap B'!G3) -> 0 | K72: =ABS('rekap M'!J3-'rekap B'!H3) -> 0 | M72: x1 | N72: =ABS('rekap M'!I3-'rekap B'!I3) -> 0 | O72: =ABS('rekap M'!J3-'rekap B'!J3) -> 0 | Q72: x1 | R72: =ABS('rekap M'!I3-'rekap B'!K3) -> 0 | S72: =ABS('rekap M'!J3-'rekap B'!L3) -> 0 | U72: x1 | V72: =ABS('rekap M'!I3-'rekap B'!M3) -> 0.2 | W72: =ABS('rekap M'!J3-'rekap B'!N3) -> 0.2
A73: x2 | B73: =ABS('rekap M'!I4-'rekap B'!C4) -> 0.4 | C73: =ABS('rekap M'!J4-'rekap B'!D4) -> 0.4 | E73: x2 | F73: =ABS('rekap M'!I4-'rekap B'!E4) -> 0.6 | G73: =ABS('rekap M'!J4-'rekap B'!F4) -> 0.6 | I73: x2 | J73: =ABS('rekap M'!I4-'rekap B'!G4) -> 0 | K73: =ABS('rekap M'!J4-'rekap B'!H4) -> 0 | M73: x2 | N73: =ABS('rekap M'!I4-'rekap B'!I4) -> 0 | O73: =ABS('rekap M'!J4-'rekap B'!J4) -> 0 | Q73: x2 | R73: =ABS('rekap M'!I4-'rekap B'!K4) -> 0.4 | S73: =ABS('rekap M'!J4-'rekap B'!L4) -> 0.4 | U73: x2 | V73: =ABS('rekap M'!I4-'rekap B'!M4) -> 0.6 | W73: =ABS('rekap M'!J4-'rekap B'!N4) -> 0.6
A74: x3 | B74: =ABS('rekap M'!I5-'rekap B'!C5) -> 0 | C74: =ABS('rekap M'!J5-'rekap B'!D5) -> 0 | E74: x3 | F74: =ABS('rekap M'!I5-'rekap B'!E5) -> 0 | G74: =ABS('rekap M'!J5-'rekap B'!F5) -> 0 | I74: x3 | J74: =ABS('rekap M'!I5-'rekap B'!G5) -> 0 | K74: =ABS('rekap M'!J5-'rekap B'!H5) -> 0 | M74: x3 | N74: =ABS('rekap M'!I5-'rekap B'!I5) -> 0 | O74: =ABS('rekap M'!J5-'rekap B'!J5) -> 0 | Q74: x3 | R74: =ABS('rekap M'!I5-'rekap B'!K5) -> 0 | S74: =ABS('rekap M'!J5-'rekap B'!L5) -> 0 | U74: x3 | V74: =ABS('rekap M'!I5-'rekap B'!M5) -> 0 | W74: =ABS('rekap M'!J5-'rekap B'!N5) -> 0
A75: x4 | B75: =ABS('rekap M'!I6-'rekap B'!C6) -> 0 | C75: =ABS('rekap M'!J6-'rekap B'!D6) -> 0 | E75: x4 | F75: =ABS('rekap M'!I6-'rekap B'!E6) -> 0 | G75: =ABS('rekap M'!J6-'rekap B'!F6) -> 0 | I75: x4 | J75: =ABS('rekap M'!I6-'rekap B'!G6) -> 0 | K75: =ABS('rekap M'!J6-'rekap B'!H6) -> 0 | M75: x4 | N75: =ABS('rekap M'!I6-'rekap B'!I6) -> 0 | O75: =ABS('rekap M'!J6-'rekap B'!J6) -> 0 | Q75: x4 | R75: =ABS('rekap M'!I6-'rekap B'!K6) -> 0 | S75: =ABS('rekap M'!J6-'rekap B'!L6) -> 0 | U75: x4 | V75: =ABS('rekap M'!I6-'rekap B'!M6) -> 0 | W75: =ABS('rekap M'!J6-'rekap B'!N6) -> 0
A76: x5 | B76: =ABS('rekap M'!I7-'rekap B'!C7) -> 0.2 | C76: =ABS('rekap M'!J7-'rekap B'!D7) -> 0.2 | E76: x5 | F76: =ABS('rekap M'!I7-'rekap B'!E7) -> 0 | G76: =ABS('rekap M'!J7-'rekap B'!F7) -> 0 | I76: x5 | J76: =ABS('rekap M'!I7-'rekap B'!G7) -> 0 | K76: =ABS('rekap M'!J7-'rekap B'!H7) -> 0 | M76: x5 | N76: =ABS('rekap M'!I7-'rekap B'!I7) -> 0 | O76: =ABS('rekap M'!J7-'rekap B'!J7) -> 0 | Q76: x5 | R76: =ABS('rekap M'!I7-'rekap B'!K7) -> 0 | S76: =ABS('rekap M'!J7-'rekap B'!L7) -> 0 | U76: x5 | V76: =ABS('rekap M'!I7-'rekap B'!M7) -> 0.2 | W76: =ABS('rekap M'!J7-'rekap B'!N7) -> 0.2
A77: x6 | B77: =ABS('rekap M'!I8-'rekap B'!C8) -> 0.4 | C77: =ABS('rekap M'!J8-'rekap B'!D8) -> 0.4 | E77: x6 | F77: =ABS('rekap M'!I8-'rekap B'!E8) -> 0 | G77: =ABS('rekap M'!J8-'rekap B'!F8) -> 0 | I77: x6 | J77: =ABS('rekap M'!I8-'rekap B'!G8) -> 0 | K77: =ABS('rekap M'!J8-'rekap B'!H8) -> 0 | M77: x6 | N77: =ABS('rekap M'!I8-'rekap B'!I8) -> 0 | O77: =ABS('rekap M'!J8-'rekap B'!J8) -> 0 | Q77: x6 | R77: =ABS('rekap M'!I8-'rekap B'!K8) -> 0.2 | S77: =ABS('rekap M'!J8-'rekap B'!L8) -> 0.2 | U77: x6 | V77: =ABS('rekap M'!I8-'rekap B'!M8) -> 0 | W77: =ABS('rekap M'!J8-'rekap B'!N8) -> 0
A78: x7 | B78: =ABS('rekap M'!I9-'rekap B'!C9) -> 0 | C78: =ABS('rekap M'!J9-'rekap B'!D9) -> 0 | E78: x7 | F78: =ABS('rekap M'!I9-'rekap B'!E9) -> 0 | G78: =ABS('rekap M'!J9-'rekap B'!F9) -> 0 | I78: x7 | J78: =ABS('rekap M'!I9-'rekap B'!G9) -> 0 | K78: =ABS('rekap M'!J9-'rekap B'!H9) -> 0 | M78: x7 | N78: =ABS('rekap M'!I9-'rekap B'!I9) -> 0 | O78: =ABS('rekap M'!J9-'rekap B'!J9) -> 0 | Q78: x7 | R78: =ABS('rekap M'!I9-'rekap B'!K9) -> 0 | S78: =ABS('rekap M'!J9-'rekap B'!L9) -> 0 | U78: x7 | V78: =ABS('rekap M'!I9-'rekap B'!M9) -> 0.4 | W78: =ABS('rekap M'!J9-'rekap B'!N9) -> 0.4
A79: x8 | B79: =ABS('rekap M'!I10-'rekap B'!C10) -> 0 | C79: =ABS('rekap M'!J10-'rekap B'!D10) -> 0 | E79: x8 | F79: =ABS('rekap M'!I10-'rekap B'!E10) -> 0.6 | G79: =ABS('rekap M'!J10-'rekap B'!F10) -> 0.6 | I79: x8 | J79: =ABS('rekap M'!I10-'rekap B'!G10) -> 0 | K79: =ABS('rekap M'!J10-'rekap B'!H10) -> 0 | M79: x8 | N79: =ABS('rekap M'!I10-'rekap B'!I10) -> 0 | O79: =ABS('rekap M'!J10-'rekap B'!J10) -> 0 | Q79: x8 | R79: =ABS('rekap M'!I10-'rekap B'!K10) -> 0.2 | S79: =ABS('rekap M'!J10-'rekap B'!L10) -> 0.2 | U79: x8 | V79: =ABS('rekap M'!I10-'rekap B'!M10) -> 0 | W79: =ABS('rekap M'!J10-'rekap B'!N10) -> 0
A80: x9 | B80: =ABS('rekap M'!I11-'rekap B'!C11) -> 0.2 | C80: =ABS('rekap M'!J11-'rekap B'!D11) -> 0.2 | E80: x9 | F80: =ABS('rekap M'!I11-'rekap B'!E11) -> 0 | G80: =ABS('rekap M'!J11-'rekap B'!F11) -> 0 | I80: x9 | J80: =ABS('rekap M'!I11-'rekap B'!G11) -> 0.4 | K80: =ABS('rekap M'!J11-'rekap B'!H11) -> 0.4 | M80: x9 | N80: =ABS('rekap M'!I11-'rekap B'!I11) -> 0 | O80: =ABS('rekap M'!J11-'rekap B'!J11) -> 0 | Q80: x9 | R80: =ABS('rekap M'!I11-'rekap B'!K11) -> 0.2 | S80: =ABS('rekap M'!J11-'rekap B'!L11) -> 0.2 | U80: x9 | V80: =ABS('rekap M'!I11-'rekap B'!M11) -> 0.2 | W80: =ABS('rekap M'!J11-'rekap B'!N11) -> 0.2
A81: x10 | B81: =ABS('rekap M'!I12-'rekap B'!C12) -> 0 | C81: =ABS('rekap M'!J12-'rekap B'!D12) -> 0 | E81: x10 | F81: =ABS('rekap M'!I12-'rekap B'!E12) -> 0 | G81: =ABS('rekap M'!J12-'rekap B'!F12) -> 0 | I81: x10 | J81: =ABS('rekap M'!I12-'rekap B'!G12) -> 0 | K81: =ABS('rekap M'!J12-'rekap B'!H12) -> 0 | M81: x10 | N81: =ABS('rekap M'!I12-'rekap B'!I12) -> 0 | O81: =ABS('rekap M'!J12-'rekap B'!J12) -> 0 | Q81: x10 | R81: =ABS('rekap M'!I12-'rekap B'!K12) -> 0 | S81: =ABS('rekap M'!J12-'rekap B'!L12) -> 0 | U81: x10 | V81: =ABS('rekap M'!I12-'rekap B'!M12) -> 0 | W81: =ABS('rekap M'!J12-'rekap B'!N12) -> 0
A82: x11 | B82: =ABS('rekap M'!I13-'rekap B'!C13) -> 0.2 | C82: =ABS('rekap M'!J13-'rekap B'!D13) -> 0.2 | E82: x11 | F82: =ABS('rekap M'!I13-'rekap B'!E13) -> 0 | G82: =ABS('rekap M'!J13-'rekap B'!F13) -> 0 | I82: x11 | J82: =ABS('rekap M'!I13-'rekap B'!G13) -> 0.4 | K82: =ABS('rekap M'!J13-'rekap B'!H13) -> 0.4 | M82: x11 | N82: =ABS('rekap M'!I13-'rekap B'!I13) -> 0.4 | O82: =ABS('rekap M'!J13-'rekap B'!J13) -> 0.4 | Q82: x11 | R82: =ABS('rekap M'!I13-'rekap B'!K13) -> 0.2 | S82: =ABS('rekap M'!J13-'rekap B'!L13) -> 0.2 | U82: x11 | V82: =ABS('rekap M'!I13-'rekap B'!M13) -> 0.2 | W82: =ABS('rekap M'!J13-'rekap B'!N13) -> 0.2
A83: x12 | B83: =ABS('rekap M'!I14-'rekap B'!C14) -> 0 | C83: =ABS('rekap M'!J14-'rekap B'!D14) -> 0 | E83: x12 | F83: =ABS('rekap M'!I14-'rekap B'!E14) -> 0 | G83: =ABS('rekap M'!J14-'rekap B'!F14) -> 0 | I83: x12 | J83: =ABS('rekap M'!I14-'rekap B'!G14) -> 0 | K83: =ABS('rekap M'!J14-'rekap B'!H14) -> 0 | M83: x12 | N83: =ABS('rekap M'!I14-'rekap B'!I14) -> 0 | O83: =ABS('rekap M'!J14-'rekap B'!J14) -> 0 | Q83: x12 | R83: =ABS('rekap M'!I14-'rekap B'!K14) -> 0 | S83: =ABS('rekap M'!J14-'rekap B'!L14) -> 0 | U83: x12 | V83: =ABS('rekap M'!I14-'rekap B'!M14) -> 0 | W83: =ABS('rekap M'!J14-'rekap B'!N14) -> 0
... A90: x19 | B90: =ABS('rekap M'!I21-'rekap B'!C21) -> 0 | C90: =ABS('rekap M'!J21-'rekap B'!D21) -> 0 | E90: x19 | F90: =ABS('rekap M'!I21-'rekap B'!E21) -> 0 | G90: =ABS('rekap M'!J21-'rekap B'!F21) -> 0 | I90: x19 | J90: =ABS('rekap M'!I21-'rekap B'!G21) -> 0 | K90: =ABS('rekap M'!J21-'rekap B'!H21) -> 0 | M90: x19 | N90: =ABS('rekap M'!I21-'rekap B'!I21) -> 0 | O90: =ABS('rekap M'!J21-'rekap B'!J21) -> 0 | Q90: x19 | R90: =ABS('rekap M'!I21-'rekap B'!K21) -> 0 | S90: =ABS('rekap M'!J21-'rekap B'!L21) -> 0 | U90: x19 | V90: =ABS('rekap M'!I21-'rekap B'!M21) -> 0 | W90: =ABS('rekap M'!J21-'rekap B'!N21) -> 0
B91: =SUM(B72:B90) -> 3 | C91: =SUM(C72:C90) -> 3 | F91: =SUM(F72:F90) -> 2.6 | G91: =SUM(G72:G90) -> 2.6 | J91: =SUM(J72:J90) -> 2 | K91: =SUM(K72:K90) -> 2 | N91: =SUM(N72:N90) -> 2.2 | O91: =SUM(O72:O90) -> 2.2 | R91: =SUM(R72:R90) -> 2.6 | S91: =SUM(S72:S90) -> 2.6 | V91: =SUM(V72:V90) -> 2.4 | W91: =SUM(W72:W90) -> 2.4
A92: 1/19*SUM | D92: =1/19*(B91+C91) -> 0.31578947 | H92: =1/19*(F91+G91) -> 0.27368421 | L92: =1/19*(J91+K91) -> 0.21052632 | P92: =1/19*(N91+O91) -> 0.23157895 | T92: =1/19*(R91+S91) -> 0.27368421 | X92: =1/19*(V91+W91) -> 0.25263158 | Y92: min | Z92: =MIN(B92:Y92) -> 0.21052632
A94: M5B1 | B94: miu | C94: v | E94: M5B2 | F94: miu | G94: v | I94: M5B3 | J94: miu | K94: v | M94: M5B4 | N94: miu | O94: v | Q94: M5B5 | R94: miu | S94: v | U94: M5B6 | V94: miu | W94: v
A95: x1 | B95: =ABS('rekap M'!K3-'rekap B'!C3) -> 0.2 | C95: =ABS('rekap M'!L3-'rekap B'!D3) -> 0.2 | E95: x1 | F95: =ABS('rekap M'!K3-'rekap B'!E3) -> 0.2 | G95: =ABS('rekap M'!L3-'rekap B'!F3) -> 0.2 | I95: x1 | J95: =ABS('rekap M'!K3-'rekap B'!G3) -> 0 | K95: =ABS('rekap M'!L3-'rekap B'!H3) -> 0 | M95: x1 | N95: =ABS('rekap M'!K3-'rekap B'!I3) -> 0 | O95: =ABS('rekap M'!L3-'rekap B'!J3) -> 0 | Q95: x1 | R95: =ABS('rekap M'!K3-'rekap B'!K3) -> 0 | S95: =ABS('rekap M'!L3-'rekap B'!L3) -> 0 | U95: x1 | V95: =ABS('rekap M'!K3-'rekap B'!M3) -> 0.2 | W95: =ABS('rekap M'!L3-'rekap B'!N3) -> 0.2
A96: x2 | B96: =ABS('rekap M'!K4-'rekap B'!C4) -> 0.4 | C96: =ABS('rekap M'!L4-'rekap B'!D4) -> 0.4 | E96: x2 | F96: =ABS('rekap M'!K4-'rekap B'!E4) -> 0.6 | G96: =ABS('rekap M'!L4-'rekap B'!F4) -> 0.6 | I96: x2 | J96: =ABS('rekap M'!K4-'rekap B'!G4) -> 0 | K96: =ABS('rekap M'!L4-'rekap B'!H4) -> 0 | M96: x2 | N96: =ABS('rekap M'!K4-'rekap B'!I4) -> 0 | O96: =ABS('rekap M'!L4-'rekap B'!J4) -> 0 | Q96: x2 | R96: =ABS('rekap M'!K4-'rekap B'!K4) -> 0.4 | S96: =ABS('rekap M'!L4-'rekap B'!L4) -> 0.4 | U96: x2 | V96: =ABS('rekap M'!K4-'rekap B'!M4) -> 0.6 | W96: =ABS('rekap M'!L4-'rekap B'!N4) -> 0.6
A97: x3 | B97: =ABS('rekap M'!K5-'rekap B'!C5) -> 0 | C97: =ABS('rekap M'!L5-'rekap B'!D5) -> 0 | E97: x3 | F97: =ABS('rekap M'!K5-'rekap B'!E5) -> 0 | G97: =ABS('rekap M'!L5-'rekap B'!F5) -> 0 | I97: x3 | J97: =ABS('rekap M'!K5-'rekap B'!G5) -> 0 | K97: =ABS('rekap M'!L5-'rekap B'!H5) -> 0 | M97: x3 | N97: =ABS('rekap M'!K5-'rekap B'!I5) -> 0 | O97: =ABS('rekap M'!L5-'rekap B'!J5) -> 0 | Q97: x3 | R97: =ABS('rekap M'!K5-'rekap B'!K5) -> 0 | S97: =ABS('rekap M'!L5-'rekap B'!L5) -> 0 | U97: x3 | V97: =ABS('rekap M'!K5-'rekap B'!M5) -> 0 | W97: =ABS('rekap M'!L5-'rekap B'!N5) -> 0
A98: x4 | B98: =ABS('rekap M'!K6-'rekap B'!C6) -> 0 | C98: =ABS('rekap M'!L6-'rekap B'!D6) -> 0 | E98: x4 | F98: =ABS('rekap M'!K6-'rekap B'!E6) -> 0 | G98: =ABS('rekap M'!L6-'rekap B'!F6) -> 0 | I98: x4 | J98: =ABS('rekap M'!K6-'rekap B'!G6) -> 0 | K98: =ABS('rekap M'!L6-'rekap B'!H6) -> 0 | M98: x4 | N98: =ABS('rekap M'!K6-'rekap B'!I6) -> 0 | O98: =ABS('rekap M'!L6-'rekap B'!J6) -> 0 | Q98: x4 | R98: =ABS('rekap M'!K6-'rekap B'!K6) -> 0 | S98: =ABS('rekap M'!L6-'rekap B'!L6) -> 0 | U98: x4 | V98: =ABS('rekap M'!K6-'rekap B'!M6) -> 0 | W98: =ABS('rekap M'!L6-'rekap B'!N6) -> 0
A99: x5 | B99: =ABS('rekap M'!K7-'rekap B'!C7) -> 0.2 | C99: =ABS('rekap M'!L7-'rekap B'!D7) -> 0.2 | E99: x5 | F99: =ABS('rekap M'!K7-'rekap B'!E7) -> 0 | G99: =ABS('rekap M'!L7-'rekap B'!F7) -> 0 | I99: x5 | J99: =ABS('rekap M'!K7-'rekap B'!G7) -> 0 | K99: =ABS('rekap M'!L7-'rekap B'!H7) -> 0 | M99: x5 | N99: =ABS('rekap M'!K7-'rekap B'!I7) -> 0 | O99: =ABS('rekap M'!L7-'rekap B'!J7) -> 0 | Q99: x5 | R99: =ABS('rekap M'!K7-'rekap B'!K7) -> 0 | S99: =ABS('rekap M'!L7-'rekap B'!L7) -> 0 | U99: x5 | V99: =ABS('rekap M'!K7-'rekap B'!M7) -> 0.2 | W99: =ABS('rekap M'!L7-'rekap B'!N7) -> 0.2
A100: x6 | B100: =ABS('rekap M'!K8-'rekap B'!C8) -> 0 | C100: =ABS('rekap M'!L8-'rekap B'!D8) -> 0 | E100: x6 | F100: =ABS('rekap M'!K8-'rekap B'!E8) -> 0.4 | G100: =ABS('rekap M'!L8-'rekap B'!F8) -> 0.4 | I100: x6 | J100: =ABS('rekap M'!K8-'rekap B'!G8) -> 0.4 | K100: =ABS('rekap M'!L8-'rekap B'!H8) -> 0.4 | M100: x6 | N100: =ABS('rekap M'!K8-'rekap B'!I8) -> 0.4 | O100: =ABS('rekap M'!L8-'rekap B'!J8) -> 0.4 | Q100: x6 | R100: =ABS('rekap M'!K8-'rekap B'!K8) -> 0.2 | S100: =ABS('rekap M'!L8-'rekap B'!L8) -> 0.2 | U100: x6 | V100: =ABS('rekap M'!K8-'rekap B'!M8) -> 0.4 | W100: =ABS('rekap M'!L8-'rekap B'!N8) -> 0.4
A101: x7 | B101: =ABS('rekap M'!K9-'rekap B'!C9) -> 0 | C101: =ABS('rekap M'!L9-'rekap B'!D9) -> 0 | E101: x7 | F101: =ABS('rekap M'!K9-'rekap B'!E9) -> 0 | G101: =ABS('rekap M'!L9-'rekap B'!F9) -> 0 | I101: x7 | J101: =ABS('rekap M'!K9-'rekap B'!G9) -> 0 | K101: =ABS('rekap M'!L9-'rekap B'!H9) -> 0 | M101: x7 | N101: =ABS('rekap M'!K9-'rekap B'!I9) -> 0 | O101: =ABS('rekap M'!L9-'rekap B'!J9) -> 0 | Q101: x7 | R101: =ABS('rekap M'!K9-'rekap B'!K9) -> 0 | S101: =ABS('rekap M'!L9-'rekap B'!L9) -> 0 | U101: x7 | V101: =ABS('rekap M'!K9-'rekap B'!M9) -> 0.4 | W101: =ABS('rekap M'!L9-'rekap B'!N9) -> 0.4
A102: x8 | B102: =ABS('rekap M'!K10-'rekap B'!C10) -> 0 | C102: =ABS('rekap M'!L10-'rekap B'!D10) -> 0 | E102: x8 | F102: =ABS('rekap M'!K10-'rekap B'!E10) -> 0.6 | G102: =ABS('rekap M'!L10-'rekap B'!F10) -> 0.6 | I102: x8 | J102: =ABS('rekap M'!K10-'rekap B'!G10) -> 0 | K102: =ABS('rekap M'!L10-'rekap B'!H10) -> 0 | M102: x8 | N102: =ABS('rekap M'!K10-'rekap B'!I10) -> 0 | O102: =ABS('rekap M'!L10-'rekap B'!J10) -> 0 | Q102: x8 | R102: =ABS('rekap M'!K10-'rekap B'!K10) -> 0.2 | S102: =ABS('rekap M'!L10-'rekap B'!L10) -> 0.2 | U102: x8 | V102: =ABS('rekap M'!K10-'rekap B'!M10) -> 0 | W102: =ABS('rekap M'!L10-'rekap B'!N10) -> 0
A103: x9 | B103: =ABS('rekap M'!K11-'rekap B'!C11) -> 0.2 | C103: =ABS('rekap M'!L11-'rekap B'!D11) -> 0.2 | E103: x9 | F103: =ABS('rekap M'!K11-'rekap B'!E11) -> 0 | G103: =ABS('rekap M'!L11-'rekap B'!F11) -> 0 | I103: x9 | J103: =ABS('rekap M'!K11-'rekap B'!G11) -> 0.4 | K103: =ABS('rekap M'!L11-'rekap B'!H11) -> 0.4 | M103: x9 | N103: =ABS('rekap M'!K11-'rekap B'!I11) -> 0 | O103: =ABS('rekap M'!L11-'rekap B'!J11) -> 0 | Q103: x9 | R103: =ABS('rekap M'!K11-'rekap B'!K11) -> 0.2 | S103: =ABS('rekap M'!L11-'rekap B'!L11) -> 0.2 | U103: x9 | V103: =ABS('rekap M'!K11-'rekap B'!M11) -> 0.2 | W103: =ABS('rekap M'!L11-'rekap B'!N11) -> 0.2
A104: x10 | B104: =ABS('rekap M'!K12-'rekap B'!C12) -> 0 | C104: =ABS('rekap M'!L12-'rekap B'!D12) -> 0 | E104: x10 | F104: =ABS('rekap M'!K12-'rekap B'!E12) -> 0 | G104: =ABS('rekap M'!L12-'rekap B'!F12) -> 0 | I104: x10 | J104: =ABS('rekap M'!K12-'rekap B'!G12) -> 0 | K104: =ABS('rekap M'!L12-'rekap B'!H12) -> 0 | M104: x10 | N104: =ABS('rekap M'!K12-'rekap B'!I12) -> 0 | O104: =ABS('rekap M'!L12-'rekap B'!J12) -> 0 | Q104: x10 | R104: =ABS('rekap M'!K12-'rekap B'!K12) -> 0 | S104: =ABS('rekap M'!L12-'rekap B'!L12) -> 0 | U104: x10 | V104: =ABS('rekap M'!K12-'rekap B'!M12) -> 0 | W104: =ABS('rekap M'!L12-'rekap B'!N12) -> 0
A105: x11 | B105: =ABS('rekap M'!K13-'rekap B'!C13) -> 0.2 | C105: =ABS('rekap M'!L13-'rekap B'!D13) -> 0.2 | E105: x11 | F105: =ABS('rekap M'!K13-'rekap B'!E13) -> 0 | G105: =ABS('rekap M'!L13-'rekap B'!F13) -> 0 | I105: x11 | J105: =ABS('rekap M'!K13-'rekap B'!G13) -> 0.4 | K105: =ABS('rekap M'!L13-'rekap B'!H13) -> 0.4 | M105: x11 | N105: =ABS('rekap M'!K13-'rekap B'!I13) -> 0.4 | O105: =ABS('rekap M'!L13-'rekap B'!J13) -> 0.4 | Q105: x11 | R105: =ABS('rekap M'!K13-'rekap B'!K13) -> 0.2 | S105: =ABS('rekap M'!L13-'rekap B'!L13) -> 0.2 | U105: x11 | V105: =ABS('rekap M'!K13-'rekap B'!M13) -> 0.2 | W105: =ABS('rekap M'!L13-'rekap B'!N13) -> 0.2
A106: x12 | B106: =ABS('rekap M'!K14-'rekap B'!C14) -> 0 | C106: =ABS('rekap M'!L14-'rekap B'!D14) -> 0 | E106: x12 | F106: =ABS('rekap M'!K14-'rekap B'!E14) -> 0 | G106: =ABS('rekap M'!L14-'rekap B'!F14) -> 0 | I106: x12 | J106: =ABS('rekap M'!K14-'rekap B'!G14) -> 0 | K106: =ABS('rekap M'!L14-'rekap B'!H14) -> 0 | M106: x12 | N106: =ABS('rekap M'!K14-'rekap B'!I14) -> 0 | O106: =ABS('rekap M'!L14-'rekap B'!J14) -> 0 | Q106: x12 | R106: =ABS('rekap M'!K14-'rekap B'!K14) -> 0 | S106: =ABS('rekap M'!L14-'rekap B'!L14) -> 0 | U106: x12 | V106: =ABS('rekap M'!K14-'rekap B'!M14) -> 0 | W106: =ABS('rekap M'!L14-'rekap B'!N14) -> 0
... A113: x19 | B113: =ABS('rekap M'!K21-'rekap B'!C21) -> 0.6 | C113: =ABS('rekap M'!L21-'rekap B'!D21) -> 0.6 | E113: x19 | F113: =ABS('rekap M'!K21-'rekap B'!E21) -> 0.6 | G113: =ABS('rekap M'!L21-'rekap B'!F21) -> 0.6 | I113: x19 | J113: =ABS('rekap M'!K21-'rekap B'!G21) -> 0.6 | K113: =ABS('rekap M'!L21-'rekap B'!H21) -> 0.6 | M113: x19 | N113: =ABS('rekap M'!K21-'rekap B'!I21) -> 0.6 | O113: =ABS('rekap M'!L21-'rekap B'!J21) -> 0.6 | Q113: x19 | R113: =ABS('rekap M'!K21-'rekap B'!K21) -> 0.6 | S113: =ABS('rekap M'!L21-'rekap B'!L21) -> 0.6 | U113: x19 | V113: =ABS('rekap M'!K21-'rekap B'!M21) -> 0.6 | W113: =ABS('rekap M'!L21-'rekap B'!N21) -> 0.6
B114: =SUM(B95:B113) -> 3.8 | C114: =SUM(C95:C113) -> 3.8 | F114: =SUM(F95:F113) -> 4.2 | G114: =SUM(G95:G113) -> 4.2 | J114: =SUM(J95:J113) -> 3.6 | K114: =SUM(K95:K113) -> 3.6 | N114: =SUM(N95:N113) -> 3.8 | O114: =SUM(O95:O113) -> 3.8 | R114: =SUM(R95:R113) -> 3.8 | S114: =SUM(S95:S113) -> 3.8 | V114: =SUM(V95:V113) -> 3.6 | W114: =SUM(W95:W113) -> 3.6
A115: 1/19*SUM | D115: =1/19*(B114+C114) -> 0.4 | H115: =1/19*(F114+G114) -> 0.44210526 | L115: =1/19*(J114+K114) -> 0.37894737 | P115: =1/19*(N114+O114) -> 0.4 | T115: =1/19*(R114+S114) -> 0.4 | X115: =1/19*(V114+W114) -> 0.37894737 | Y115: min | Z115: =MIN(B115:Y115) -> 0.37894737
A118: M6B1 | B118: miu | C118: v | E118: M6B2 | F118: miu | G118: v | I118: M6B3 | J118: miu | K118: v | M118: M6B4 | N118: miu | O118: v | Q118: M6B5 | R118: miu | S118: v | U118: M6B6 | V118: miu | W118: v
A119: x1 | B119: =ABS('rekap M'!M3-'rekap B'!C3) -> 0 | C119: =ABS('rekap M'!N3-'rekap B'!D3) -> 0 | E119: x1 | F119: =ABS('rekap M'!M3-'rekap B'!E3) -> 0 | G119: =ABS('rekap M'!N3-'rekap B'!F3) -> 0 | I119: x1 | J119: =ABS('rekap M'!M3-'rekap B'!G3) -> 0.2 | K119: =ABS('rekap M'!N3-'rekap B'!H3) -> 0.2 | M119: x1 | N119: =ABS('rekap M'!M3-'rekap B'!I3) -> 0.2 | O119: =ABS('rekap M'!N3-'rekap B'!J3) -> 0.2 | Q119: x1 | R119: =ABS('rekap M'!M3-'rekap B'!K3) -> 0.2 | S119: =ABS('rekap M'!N3-'rekap B'!L3) -> 0.2 | U119: x1 | V119: =ABS('rekap M'!M3-'rekap B'!M3) -> 0 | W119: =ABS('rekap M'!N3-'rekap B'!N3) -> 0
A120: x2 | B120: =ABS('rekap M'!M4-'rekap B'!C4) -> 0.4 | C120: =ABS('rekap M'!N4-'rekap B'!D4) -> 0.4 | E120: x2 | F120: =ABS('rekap M'!M4-'rekap B'!E4) -> 0.6 | G120: =ABS('rekap M'!N4-'rekap B'!F4) -> 0.6 | I120: x2 | J120: =ABS('rekap M'!M4-'rekap B'!G4) -> 0 | K120: =ABS('rekap M'!N4-'rekap B'!H4) -> 0 | M120: x2 | N120: =ABS('rekap M'!M4-'rekap B'!I4) -> 0 | O120: =ABS('rekap M'!N4-'rekap B'!J4) -> 0 | Q120: x2 | R120: =ABS('rekap M'!M4-'rekap B'!K4) -> 0.4 | S120: =ABS('rekap M'!N4-'rekap B'!L4) -> 0.4 | U120: x2 | V120: =ABS('rekap M'!M4-'rekap B'!M4) -> 0.6 | W120: =ABS('rekap M'!N4-'rekap B'!N4) -> 0.6
A121: x3 | B121: =ABS('rekap M'!M5-'rekap B'!C5) -> 0 | C121: =ABS('rekap M'!N5-'rekap B'!D5) -> 0 | E121: x3 | F121: =ABS('rekap M'!M5-'rekap B'!E5) -> 0 | G121: =ABS('rekap M'!N5-'rekap B'!F5) -> 0 | I121: x3 | J121: =ABS('rekap M'!M5-'rekap B'!G5) -> 0 | K121: =ABS('rekap M'!N5-'rekap B'!H5) -> 0 | M121: x3 | N121: =ABS('rekap M'!M5-'rekap B'!I5) -> 0 | O121: =ABS('rekap M'!N5-'rekap B'!J5) -> 0 | Q121: x3 | R121: =ABS('rekap M'!M5-'rekap B'!K5) -> 0 | S121: =ABS('rekap M'!N5-'rekap B'!L5) -> 0 | U121: x3 | V121: =ABS('rekap M'!M5-'rekap B'!M5) -> 0 | W121: =ABS('rekap M'!N5-'rekap B'!N5) -> 0
A122: x4 | B122: =ABS('rekap M'!M6-'rekap B'!C6) -> 0 | C122: =ABS('rekap M'!N6-'rekap B'!D6) -> 0 | E122: x4 | F122: =ABS('rekap M'!M6-'rekap B'!E6) -> 0 | G122: =ABS('rekap M'!N6-'rekap B'!F6) -> 0 | I122: x4 | J122: =ABS('rekap M'!M6-'rekap B'!G6) -> 0 | K122: =ABS('rekap M'!N6-'rekap B'!H6) -> 0 | M122: x4 | N122: =ABS('rekap M'!M6-'rekap B'!I6) -> 0 | O122: =ABS('rekap M'!N6-'rekap B'!J6) -> 0 | Q122: x4 | R122: =ABS('rekap M'!M6-'rekap B'!K6) -> 0 | S122: =ABS('rekap M'!N6-'rekap B'!L6) -> 0 | U122: x4 | V122: =ABS('rekap M'!M6-'rekap B'!M6) -> 0 | W122: =ABS('rekap M'!N6-'rekap B'!N6) -> 0
A123: x5 | B123: =ABS('rekap M'!M7-'rekap B'!C7) -> 0.2 | C123: =ABS('rekap M'!N7-'rekap B'!D7) -> 0.2 | E123: x5 | F123: =ABS('rekap M'!M7-'rekap B'!E7) -> 0 | G123: =ABS('rekap M'!N7-'rekap B'!F7) -> 0 | I123: x5 | J123: =ABS('rekap M'!M7-'rekap B'!G7) -> 0 | K123: =ABS('rekap M'!N7-'rekap B'!H7) -> 0 | M123: x5 | N123: =ABS('rekap M'!M7-'rekap B'!I7) -> 0 | O123: =ABS('rekap M'!N7-'rekap B'!J7) -> 0 | Q123: x5 | R123: =ABS('rekap M'!M7-'rekap B'!K7) -> 0 | S123: =ABS('rekap M'!N7-'rekap B'!L7) -> 0 | U123: x5 | V123: =ABS('rekap M'!M7-'rekap B'!M7) -> 0.2 | W123: =ABS('rekap M'!N7-'rekap B'!N7) -> 0.2
A124: x6 | B124: =ABS('rekap M'!M8-'rekap B'!C8) -> 0.4 | C124: =ABS('rekap M'!N8-'rekap B'!D8) -> 0.4 | E124: x6 | F124: =ABS('rekap M'!M8-'rekap B'!E8) -> 0 | G124: =ABS('rekap M'!N8-'rekap B'!F8) -> 0 | I124: x6 | J124: =ABS('rekap M'!M8-'rekap B'!G8) -> 0 | K124: =ABS('rekap M'!N8-'rekap B'!H8) -> 0 | M124: x6 | N124: =ABS('rekap M'!M8-'rekap B'!I8) -> 0 | O124: =ABS('rekap M'!N8-'rekap B'!J8) -> 0 | Q124: x6 | R124: =ABS('rekap M'!M8-'rekap B'!K8) -> 0.2 | S124: =ABS('rekap M'!N8-'rekap B'!L8) -> 0.2 | U124: x6 | V124: =ABS('rekap M'!M8-'rekap B'!M8) -> 0 | W124: =ABS('rekap M'!N8-'rekap B'!N8) -> 0
A125: x7 | B125: =ABS('rekap M'!M9-'rekap B'!C9) -> 0 | C125: =ABS('rekap M'!N9-'rekap B'!D9) -> 0 | E125: x7 | F125: =ABS('rekap M'!M9-'rekap B'!E9) -> 0 | G125: =ABS('rekap M'!N9-'rekap B'!F9) -> 0 | I125: x7 | J125: =ABS('rekap M'!M9-'rekap B'!G9) -> 0 | K125: =ABS('rekap M'!N9-'rekap B'!H9) -> 0 | M125: x7 | N125: =ABS('rekap M'!M9-'rekap B'!I9) -> 0 | O125: =ABS('rekap M'!N9-'rekap B'!J9) -> 0 | Q125: x7 | R125: =ABS('rekap M'!M9-'rekap B'!K9) -> 0 | S125: =ABS('rekap M'!N9-'rekap B'!L9) -> 0 | U125: x7 | V125: =ABS('rekap M'!M9-'rekap B'!M9) -> 0.4 | W125: =ABS('rekap M'!N9-'rekap B'!N9) -> 0.4
A126: x8 | B126: =ABS('rekap M'!M10-'rekap B'!C10) -> 0 | C126: =ABS('rekap M'!N10-'rekap B'!D10) -> 0 | E126: x8 | F126: =ABS('rekap M'!M10-'rekap B'!E10) -> 0.6 | G126: =ABS('rekap M'!N10-'rekap B'!F10) -> 0.6 | I126: x8 | J126: =ABS('rekap M'!M10-'rekap B'!G10) -> 0 | K126: =ABS('rekap M'!N10-'rekap B'!H10) -> 0 | M126: x8 | N126: =ABS('rekap M'!M10-'rekap B'!I10) -> 0 | O126: =ABS('rekap M'!N10-'rekap B'!J10) -> 0 | Q126: x8 | R126: =ABS('rekap M'!M10-'rekap B'!K10) -> 0.2 | S126: =ABS('rekap M'!N10-'rekap B'!L10) -> 0.2 | U126: x8 | V126: =ABS('rekap M'!M10-'rekap B'!M10) -> 0 | W126: =ABS('rekap M'!N10-'rekap B'!N10) -> 0
A127: x9 | B127: =ABS('rekap M'!M11-'rekap B'!C11) -> 0.2 | C127: =ABS('rekap M'!N11-'rekap B'!D11) -> 0.2 | E127: x9 | F127: =ABS('rekap M'!M11-'rekap B'!E11) -> 0 | G127: =ABS('rekap M'!N11-'rekap B'!F11) -> 0 | I127: x9 | J127: =ABS('rekap M'!M11-'rekap B'!G11) -> 0.4 | K127: =ABS('rekap M'!N11-'rekap B'!H11) -> 0.4 | M127: x9 | N127: =ABS('rekap M'!M11-'rekap B'!I11) -> 0 | O127: =ABS('rekap M'!N11-'rekap B'!J11) -> 0 | Q127: x9 | R127: =ABS('rekap M'!M11-'rekap B'!K11) -> 0.2 | S127: =ABS('rekap M'!N11-'rekap B'!L11) -> 0.2 | U127: x9 | V127: =ABS('rekap M'!M11-'rekap B'!M11) -> 0.2 | W127: =ABS('rekap M'!N11-'rekap B'!N11) -> 0.2
A128: x10 | B128: =ABS('rekap M'!M12-'rekap B'!C12) -> 0 | C128: =ABS('rekap M'!N12-'rekap B'!D12) -> 0 | E128: x10 | F128: =ABS('rekap M'!M12-'rekap B'!E12) -> 0 | G128: =ABS('rekap M'!N12-'rekap B'!F12) -> 0 | I128: x10 | J128: =ABS('rekap M'!M12-'rekap B'!G12) -> 0 | K128: =ABS('rekap M'!N12-'rekap B'!H12) -> 0 | M128: x10 | N128: =ABS('rekap M'!M12-'rekap B'!I12) -> 0 | O128: =ABS('rekap M'!N12-'rekap B'!J12) -> 0 | Q128: x10 | R128: =ABS('rekap M'!M12-'rekap B'!K12) -> 0 | S128: =ABS('rekap M'!N12-'rekap B'!L12) -> 0 | U128: x10 | V128: =ABS('rekap M'!M12-'rekap B'!M12) -> 0 | W128: =ABS('rekap M'!N12-'rekap B'!N12) -> 0
A129: x11 | B129: =ABS('rekap M'!M13-'rekap B'!C13) -> 0 | C129: =ABS('rekap M'!N13-'rekap B'!D13) -> 0 | E129: x11 | F129: =ABS('rekap M'!M13-'rekap B'!E13) -> 0.2 | G129: =ABS('rekap M'!N13-'rekap B'!F13) -> 0.2 | I129: x11 | J129: =ABS('rekap M'!M13-'rekap B'!G13) -> 0.2 | K129: =ABS('rekap M'!N13-'rekap B'!H13) -> 0.2 | M129: x11 | N129: =ABS('rekap M'!M13-'rekap B'!I13) -> 0.2 | O129: =ABS('rekap M'!N13-'rekap B'!J13) -> 0.2 | Q129: x11 | R129: =ABS('rekap M'!M13-'rekap B'!K13) -> 0 | S129: =ABS('rekap M'!N13-'rekap B'!L13) -> 0 | U129: x11 | V129: =ABS('rekap M'!M13-'rekap B'!M13) -> 0 | W129: =ABS('rekap M'!N13-'rekap B'!N13) -> 0
A130: x12 | B130: =ABS('rekap M'!M14-'rekap B'!C14) -> 0 | C130: =ABS('rekap M'!N14-'rekap B'!D14) -> 0 | E130: x12 | F130: =ABS('rekap M'!M14-'rekap B'!E14) -> 0 | G130: =ABS('rekap M'!N14-'rekap B'!F14) -> 0 | I130: x12 | J130: =ABS('rekap M'!M14-'rekap B'!G14) -> 0 | K130: =ABS('rekap M'!N14-'rekap B'!H14) -> 0 | M130: x12 | N130: =ABS('rekap M'!M14-'rekap B'!I14) -> 0 | O130: =ABS('rekap M'!N14-'rekap B'!J14) -> 0 | Q130: x12 | R130: =ABS('rekap M'!M14-'rekap B'!K14) -> 0 | S130: =ABS('rekap M'!N14-'rekap B'!L14) -> 0 | U130: x12 | V130: =ABS('rekap M'!M14-'rekap B'!M14) -> 0 | W130: =ABS('rekap M'!N14-'rekap B'!N14) -> 0
... A137: x19 | B137: =ABS('rekap M'!M21-'rekap B'!C21) -> 0 | C137: =ABS('rekap M'!N21-'rekap B'!D21) -> 0 | E137: x19 | F137: =ABS('rekap M'!M21-'rekap B'!E21) -> 0 | G137: =ABS('rekap M'!N21-'rekap B'!F21) -> 0 | I137: x19 | J137: =ABS('rekap M'!M21-'rekap B'!G21) -> 0 | K137: =ABS('rekap M'!N21-'rekap B'!H21) -> 0 | M137: x19 | N137: =ABS('rekap M'!M21-'rekap B'!I21) -> 0 | O137: =ABS('rekap M'!N21-'rekap B'!J21) -> 0 | Q137: x19 | R137: =ABS('rekap M'!M21-'rekap B'!K21) -> 0 | S137: =ABS('rekap M'!N21-'rekap B'!L21) -> 0 | U137: x19 | V137: =ABS('rekap M'!M21-'rekap B'!M21) -> 0 | W137: =ABS('rekap M'!N21-'rekap B'!N21) -> 0
B138: =SUM(B119:B137) -> 2.2 | C138: =SUM(C119:C137) -> 2.2 | F138: =SUM(F119:F137) -> 2.6 | G138: =SUM(G119:G137) -> 2.6 | J138: =SUM(J119:J137) -> 2.4 | K138: =SUM(K119:K137) -> 2.4 | N138: =SUM(N119:N137) -> 1.8 | O138: =SUM(O119:O137) -> 1.8 | R138: =SUM(R119:R137) -> 2.2 | S138: =SUM(S119:S137) -> 2.2 | V138: =SUM(V119:V137) -> 2.4 | W138: =SUM(W119:W137) -> 2.4
A139: 1/19*SUM | D139: =1/19*(B138+C138) -> 0.23157895 | H139: =1/19*(F138+G138) -> 0.27368421 | L139: =1/19*(J138+K138) -> 0.25263158 | P139: =1/19*(N138+O138) -> 0.18947368 | T139: =1/19*(R138+S138) -> 0.23157895 | X139: =1/19*(V138+W138) -> 0.25263158 | Y139: min | Z139: =MIN(B139:Y139) -> 0.18947368
L142: MIN (M1, Bj) | N142: =Z22 -> 0.18947368
L143: MIN (M2, Bj) | N143: =Z45 -> 0.10526316
L144: MIN (M3, Bj) | N144: =Z68 -> 0.29473684
L145: MIN (M4, Bj) | N145: =Z92 -> 0.21052632
...

Sheet rekap MG
A1: ASPEK | B1: KRITERIA | C1: MG1 | E1: MG2 | G1: MG3 | I1: MG4 | K1: MG5 | M1: MG6
C2: miu | D2: v | E2: miu | F2: v | G2: miu | H2: v | I2: miu | J2: v | K2: miu | L2: v | M2: miu | N2: v
A3: 1. KONDISI BANGUNAN GEDUNG | B3: a. Ketidakteraturan Bangunan | C3: =IF(rekap!O2=5,0.8,IF(rekap!O2=3,0.6,IF(rekap!O2=1,0.4,0.2))) -> 0.2 | D3: =IF(rekap!O2=5,0.1,IF(rekap!O2=3,0.3,IF(rekap!O2=1,0.5,0.7))) -> 0.7 | E3: =IF(rekap!P2=5,0.8,IF(rekap!P2=3,0.6,IF(rekap!P2=1,0.4,0.2))) -> 0.4 | F3: =IF(rekap!P2=5,0.1,IF(rekap!P2=3,0.3,IF(rekap!P2=1,0.5,0.7))) -> 0.5 | G3: =IF(rekap!Q2=5,0.8,IF(rekap!Q2=3,0.6,IF(rekap!Q2=1,0.4,0.2))) -> 0.2 | H3: =IF(rekap!Q2=5,0.1,IF(rekap!Q2=3,0.3,IF(rekap!Q2=1,0.5,0.7))) -> 0.7 | I3: =IF(rekap!R2=5,0.8,IF(rekap!R2=3,0.6,IF(rekap!R2=1,0.4,0.2))) -> 0.2 | J3: =IF(rekap!R2=5,0.1,IF(rekap!R2=3,0.3,IF(rekap!R2=1,0.5,0.7))) -> 0.7 | K3: =IF(rekap!S2=5,0.8,IF(rekap!S2=3,0.6,IF(rekap!S2=1,0.4,0.2))) -> 0.2 | L3: =IF(rekap!S2=5,0.1,IF(rekap!S2=3,0.3,IF(rekap!S2=1,0.5,0.7))) -> 0.7 | M3: =IF(rekap!T2=5,0.8,IF(rekap!T2=3,0.6,IF(rekap!T2=1,0.4,0.2))) -> 0.4 | N3: =IF(rekap!T2=5,0.1,IF(rekap!T2=3,0.3,IF(rekap!T2=1,0.5,0.7))) -> 0.5
B4: b. Kepadatan Bangunan | C4: =IF(rekap!O3=5,0.8,IF(rekap!O3=3,0.6,IF(rekap!O3=1,0.4,0.2))) -> 0.2 | D4: =IF(rekap!O3=5,0.1,IF(rekap!O3=3,0.3,IF(rekap!O3=1,0.5,0.7))) -> 0.7 | E4: =IF(rekap!P3=5,0.8,IF(rekap!P3=3,0.6,IF(rekap!P3=1,0.4,0.2))) -> 0.8 | F4: =IF(rekap!P3=5,0.1,IF(rekap!P3=3,0.3,IF(rekap!P3=1,0.5,0.7))) -> 0.1 | G4: =IF(rekap!Q3=5,0.8,IF(rekap!Q3=3,0.6,IF(rekap!Q3=1,0.4,0.2))) -> 0.2 | H4: =IF(rekap!Q3=5,0.1,IF(rekap!Q3=3,0.3,IF(rekap!Q3=1,0.5,0.7))) -> 0.7 | I4: =IF(rekap!R3=5,0.8,IF(rekap!R3=3,0.6,IF(rekap!R3=1,0.4,0.2))) -> 0.2 | J4: =IF(rekap!R3=5,0.1,IF(rekap!R3=3,0.3,IF(rekap!R3=1,0.5,0.7))) -> 0.7 | K4: =IF(rekap!S3=5,0.8,IF(rekap!S3=3,0.6,IF(rekap!S3=1,0.4,0.2))) -> 0.6 | L4: =IF(rekap!S3=5,0.1,IF(rekap!S3=3,0.3,IF(rekap!S3=1,0.5,0.7))) -> 0.3 | M4: =IF(rekap!T3=5,0.8,IF(rekap!T3=3,0.6,IF(rekap!T3=1,0.4,0.2))) -> 0.8 | N4: =IF(rekap!T3=5,0.1,IF(rekap!T3=3,0.3,IF(rekap!T3=1,0.5,0.7))) -> 0.1
B5: c. Ketidaksesuaian dengan Persy Teknis Bangunan | C5: =IF(rekap!O4=5,0.8,IF(rekap!O4=3,0.6,IF(rekap!O4=1,0.4,0.2))) -> 0.2 | D5: =IF(rekap!O4=5,0.1,IF(rekap!O4=3,0.3,IF(rekap!O4=1,0.5,0.7))) -> 0.7 | E5: =IF(rekap!P4=5,0.8,IF(rekap!P4=3,0.6,IF(rekap!P4=1,0.4,0.2))) -> 0.2 | F5: =IF(rekap!P4=5,0.1,IF(rekap!P4=3,0.3,IF(rekap!P4=1,0.5,0.7))) -> 0.7 | G5: =IF(rekap!Q4=5,0.8,IF(rekap!Q4=3,0.6,IF(rekap!Q4=1,0.4,0.2))) -> 0.2 | H5: =IF(rekap!Q4=5,0.1,IF(rekap!Q4=3,0.3,IF(rekap!Q4=1,0.5,0.7))) -> 0.7 | I5: =IF(rekap!R4=5,0.8,IF(rekap!R4=3,0.6,IF(rekap!R4=1,0.4,0.2))) -> 0.2 | J5: =IF(rekap!R4=5,0.1,IF(rekap!R4=3,0.3,IF(rekap!R4=1,0.5,0.7))) -> 0.7 | K5: =IF(rekap!S4=5,0.8,IF(rekap!S4=3,0.6,IF(rekap!S4=1,0.4,0.2))) -> 0.2 | L5: =IF(rekap!S4=5,0.1,IF(rekap!S4=3,0.3,IF(rekap!S4=1,0.5,0.7))) -> 0.7 | M5: =IF(rekap!T4=5,0.8,IF(rekap!T4=3,0.6,IF(rekap!T4=1,0.4,0.2))) -> 0.2 | N5: =IF(rekap!T4=5,0.1,IF(rekap!T4=3,0.3,IF(rekap!T4=1,0.5,0.7))) -> 0.7
A6: 2. Kondisi Jalan Lingkungan | B6: a. Cakupan Pelayanan Jalan Lingkungan | C6: =IF(rekap!O5=5,0.8,IF(rekap!O5=3,0.6,IF(rekap!O5=1,0.4,0.2))) -> 0.2 | D6: =IF(rekap!O5=5,0.1,IF(rekap!O5=3,0.3,IF(rekap!O5=1,0.5,0.7))) -> 0.7 | E6: =IF(rekap!P5=5,0.8,IF(rekap!P5=3,0.6,IF(rekap!P5=1,0.4,0.2))) -> 0.2 | F6: =IF(rekap!P5=5,0.1,IF(rekap!P5=3,0.3,IF(rekap!P5=1,0.5,0.7))) -> 0.7 | G6: =IF(rekap!Q5=5,0.8,IF(rekap!Q5=3,0.6,IF(rekap!Q5=1,0.4,0.2))) -> 0.2 | H6: =IF(rekap!Q5=5,0.1,IF(rekap!Q5=3,0.3,IF(rekap!Q5=1,0.5,0.7))) -> 0.7 | I6: =IF(rekap!R5=5,0.8,IF(rekap!R5=3,0.6,IF(rekap!R5=1,0.4,0.2))) -> 0.2 | J6: =IF(rekap!R5=5,0.1,IF(rekap!R5=3,0.3,IF(rekap!R5=1,0.5,0.7))) -> 0.7 | K6: =IF(rekap!S5=5,0.8,IF(rekap!S5=3,0.6,IF(rekap!S5=1,0.4,0.2))) -> 0.2 | L6: =IF(rekap!S5=5,0.1,IF(rekap!S5=3,0.3,IF(rekap!S5=1,0.5,0.7))) -> 0.7 | M6: =IF(rekap!T5=5,0.8,IF(rekap!T5=3,0.6,IF(rekap!T5=1,0.4,0.2))) -> 0.2 | N6: =IF(rekap!T5=5,0.1,IF(rekap!T5=3,0.3,IF(rekap!T5=1,0.5,0.7))) -> 0.7
B7: b. Kualitas Permukaan Jalan lingkungan | C7: =IF(rekap!O6=5,0.8,IF(rekap!O6=3,0.6,IF(rekap!O6=1,0.4,0.2))) -> 0.2 | D7: =IF(rekap!O6=5,0.1,IF(rekap!O6=3,0.3,IF(rekap!O6=1,0.5,0.7))) -> 0.7 | E7: =IF(rekap!P6=5,0.8,IF(rekap!P6=3,0.6,IF(rekap!P6=1,0.4,0.2))) -> 0.2 | F7: =IF(rekap!P6=5,0.1,IF(rekap!P6=3,0.3,IF(rekap!P6=1,0.5,0.7))) -> 0.7 | G7: =IF(rekap!Q6=5,0.8,IF(rekap!Q6=3,0.6,IF(rekap!Q6=1,0.4,0.2))) -> 0.2 | H7: =IF(rekap!Q6=5,0.1,IF(rekap!Q6=3,0.3,IF(rekap!Q6=1,0.5,0.7))) -> 0.7 | I7: =IF(rekap!R6=5,0.8,IF(rekap!R6=3,0.6,IF(rekap!R6=1,0.4,0.2))) -> 0.2 | J7: =IF(rekap!R6=5,0.1,IF(rekap!R6=3,0.3,IF(rekap!R6=1,0.5,0.7))) -> 0.7 | K7: =IF(rekap!S6=5,0.8,IF(rekap!S6=3,0.6,IF(rekap!S6=1,0.4,0.2))) -> 0.2 | L7: =IF(rekap!S6=5,0.1,IF(rekap!S6=3,0.3,IF(rekap!S6=1,0.5,0.7))) -> 0.7 | M7: =IF(rekap!T6=5,0.8,IF(rekap!T6=3,0.6,IF(rekap!T6=1,0.4,0.2))) -> 0.4 | N7: =IF(rekap!T6=5,0.1,IF(rekap!T6=3,0.3,IF(rekap!T6=1,0.5,0.7))) -> 0.5
A8: 3. Kondisi Penyediaan Air Minum | B8: a. Ketersediaan Akses Aman Air Minum | C8: =IF(rekap!O7=5,0.8,IF(rekap!O7=3,0.6,IF(rekap!O7=1,0.4,0.2))) -> 0.2 | D8: =IF(rekap!O7=5,0.1,IF(rekap!O7=3,0.3,IF(rekap!O7=1,0.5,0.7))) -> 0.7 | E8: =IF(rekap!P7=5,0.8,IF(rekap!P7=3,0.6,IF(rekap!P7=1,0.4,0.2))) -> 0.2 | F8: =IF(rekap!P7=5,0.1,IF(rekap!P7=3,0.3,IF(rekap!P7=1,0.5,0.7))) -> 0.7 | G8: =IF(rekap!Q7=5,0.8,IF(rekap!Q7=3,0.6,IF(rekap!Q7=1,0.4,0.2))) -> 0.2 | H8: =IF(rekap!Q7=5,0.1,IF(rekap!Q7=3,0.3,IF(rekap!Q7=1,0.5,0.7))) -> 0.7 | I8: =IF(rekap!R7=5,0.8,IF(rekap!R7=3,0.6,IF(rekap!R7=1,0.4,0.2))) -> 0.2 | J8: =IF(rekap!R7=5,0.1,IF(rekap!R7=3,0.3,IF(rekap!R7=1,0.5,0.7))) -> 0.7 | K8: =IF(rekap!S7=5,0.8,IF(rekap!S7=3,0.6,IF(rekap!S7=1,0.4,0.2))) -> 0.4 | L8: =IF(rekap!S7=5,0.1,IF(rekap!S7=3,0.3,IF(rekap!S7=1,0.5,0.7))) -> 0.5 | M8: =IF(rekap!T7=5,0.8,IF(rekap!T7=3,0.6,IF(rekap!T7=1,0.4,0.2))) -> 0.2 | N8: =IF(rekap!T7=5,0.1,IF(rekap!T7=3,0.3,IF(rekap!T7=1,0.5,0.7))) -> 0.7
B9: b. Tidak terpenuhinya Kebutuhan Air Minum | C9: =IF(rekap!O8=5,0.8,IF(rekap!O8=3,0.6,IF(rekap!O8=1,0.4,0.2))) -> 0.2 | D9: =IF(rekap!O8=5,0.1,IF(rekap!O8=3,0.3,IF(rekap!O8=1,0.5,0.7))) -> 0.7 | E9: =IF(rekap!P8=5,0.8,IF(rekap!P8=3,0.6,IF(rekap!P8=1,0.4,0.2))) -> 0.2 | F9: =IF(rekap!P8=5,0.1,IF(rekap!P8=3,0.3,IF(rekap!P8=1,0.5,0.7))) -> 0.7 | G9: =IF(rekap!Q8=5,0.8,IF(rekap!Q8=3,0.6,IF(rekap!Q8=1,0.4,0.2))) -> 0.2 | H9: =IF(rekap!Q8=5,0.1,IF(rekap!Q8=3,0.3,IF(rekap!Q8=1,0.5,0.7))) -> 0.7 | I9: =IF(rekap!R8=5,0.8,IF(rekap!R8=3,0.6,IF(rekap!R8=1,0.4,0.2))) -> 0.2 | J9: =IF(rekap!R8=5,0.1,IF(rekap!R8=3,0.3,IF(rekap!R8=1,0.5,0.7))) -> 0.7 | K9: =IF(rekap!S8=5,0.8,IF(rekap!S8=3,0.6,IF(rekap!S8=1,0.4,0.2))) -> 0.2 | L9: =IF(rekap!S8=5,0.1,IF(rekap!S8=3,0.3,IF(rekap!S8=1,0.5,0.7))) -> 0.7 | M9: =IF(rekap!T8=5,0.8,IF(rekap!T8=3,0.6,IF(rekap!T8=1,0.4,0.2))) -> 0.6 | N9: =IF(rekap!T8=5,0.1,IF(rekap!T8=3,0.3,IF(rekap!T8=1,0.5,0.7))) -> 0.3
A10: 4. Kondisi Drainase Lingkungan | B10: a. Ketidakmampuan Mengalirkan Limpasan Air | C10: =IF(rekap!O9=5,0.8,IF(rekap!O9=3,0.6,IF(rekap!O9=1,0.4,0.2))) -> 0.2 | D10: =IF(rekap!O9=5,0.1,IF(rekap!O9=3,0.3,IF(rekap!O9=1,0.5,0.7))) -> 0.7 | E10: =IF(rekap!P9=5,0.8,IF(rekap!P9=3,0.6,IF(rekap!P9=1,0.4,0.2))) -> 0.8 | F10: =IF(rekap!P9=5,0.1,IF(rekap!P9=3,0.3,IF(rekap!P9=1,0.5,0.7))) -> 0.1 | G10: =IF(rekap!Q9=5,0.8,IF(rekap!Q9=3,0.6,IF(rekap!Q9=1,0.4,0.2))) -> 0.2 | H10: =IF(rekap!Q9=5,0.1,IF(rekap!Q9=3,0.3,IF(rekap!Q9=1,0.5,0.7))) -> 0.7 | I10: =IF(rekap!R9=5,0.8,IF(rekap!R9=3,0.6,IF(rekap!R9=1,0.4,0.2))) -> 0.2 | J10: =IF(rekap!R9=5,0.1,IF(rekap!R9=3,0.3,IF(rekap!R9=1,0.5,0.7))) -> 0.7 | K10: =IF(rekap!S9=5,0.8,IF(rekap!S9=3,0.6,IF(rekap!S9=1,0.4,0.2))) -> 0.4 | L10: =IF(rekap!S9=5,0.1,IF(rekap!S9=3,0.3,IF(rekap!S9=1,0.5,0.7))) -> 0.5 | M10: =IF(rekap!T9=5,0.8,IF(rekap!T9=3,0.6,IF(rekap!T9=1,0.4,0.2))) -> 0.2 | N10: =IF(rekap!T9=5,0.1,IF(rekap!T9=3,0.3,IF(rekap!T9=1,0.5,0.7))) -> 0.7
B11: b. Ketidaktersediaan Drainase | C11: =IF(rekap!O10=5,0.8,IF(rekap!O10=3,0.6,IF(rekap!O10=1,0.4,0.2))) -> 0.2 | D11: =IF(rekap!O10=5,0.1,IF(rekap!O10=3,0.3,IF(rekap!O10=1,0.5,0.7))) -> 0.7 | E11: =IF(rekap!P10=5,0.8,IF(rekap!P10=3,0.6,IF(rekap!P10=1,0.4,0.2))) -> 0.2 | F11: =IF(rekap!P10=5,0.1,IF(rekap!P10=3,0.3,IF(rekap!P10=1,0.5,0.7))) -> 0.7 | G11: =IF(rekap!Q10=5,0.8,IF(rekap!Q10=3,0.6,IF(rekap!Q10=1,0.4,0.2))) -> 0.6 | H11: =IF(rekap!Q10=5,0.1,IF(rekap!Q10=3,0.3,IF(rekap!Q10=1,0.5,0.7))) -> 0.3 | I11: =IF(rekap!R10=5,0.8,IF(rekap!R10=3,0.6,IF(rekap!R10=1,0.4,0.2))) -> 0.2 | J11: =IF(rekap!R10=5,0.1,IF(rekap!R10=3,0.3,IF(rekap!R10=1,0.5,0.7))) -> 0.7 | K11: =IF(rekap!S10=5,0.8,IF(rekap!S10=3,0.6,IF(rekap!S10=1,0.4,0.2))) -> 0.4 | L11: =IF(rekap!S10=5,0.1,IF(rekap!S10=3,0.3,IF(rekap!S10=1,0.5,0.7))) -> 0.5 | M11: =IF(rekap!T10=5,0.8,IF(rekap!T10=3,0.6,IF(rekap!T10=1,0.4,0.2))) -> 0.4 | N11: =IF(rekap!T10=5,0.1,IF(rekap!T10=3,0.3,IF(rekap!T10=1,0.5,0.7))) -> 0.5
B12: c. Ketidakterhubungan dgn Sistem Drainase Kota | C12: =IF(rekap!O11=5,0.8,IF(rekap!O11=3,0.6,IF(rekap!O11=1,0.4,0.2))) -> 0.2 | D12: =IF(rekap!O11=5,0.1,IF(rekap!O11=3,0.3,IF(rekap!O11=1,0.5,0.7))) -> 0.7 | E12: =IF(rekap!P11=5,0.8,IF(rekap!P11=3,0.6,IF(rekap!P11=1,0.4,0.2))) -> 0.2 | F12: =IF(rekap!P11=5,0.1,IF(rekap!P11=3,0.3,IF(rekap!P11=1,0.5,0.7))) -> 0.7 | G12: =IF(rekap!Q11=5,0.8,IF(rekap!Q11=3,0.6,IF(rekap!Q11=1,0.4,0.2))) -> 0.2 | H12: =IF(rekap!Q11=5,0.1,IF(rekap!Q11=3,0.3,IF(rekap!Q11=1,0.5,0.7))) -> 0.7 | I12: =IF(rekap!R11=5,0.8,IF(rekap!R11=3,0.6,IF(rekap!R11=1,0.4,0.2))) -> 0.2 | J12: =IF(rekap!R11=5,0.1,IF(rekap!R11=3,0.3,IF(rekap!R11=1,0.5,0.7))) -> 0.7 | K12: =IF(rekap!S11=5,0.8,IF(rekap!S11=3,0.6,IF(rekap!S11=1,0.4,0.2))) -> 0.2 | L12: =IF(rekap!S11=5,0.1,IF(rekap!S11=3,0.3,IF(rekap!S11=1,0.5,0.7))) -> 0.7 | M12: =IF(rekap!T11=5,0.8,IF(rekap!T11=3,0.6,IF(rekap!T11=1,0.4,0.2))) -> 0.2 | N12: =IF(rekap!T11=5,0.1,IF(rekap!T11=3,0.3,IF(rekap!T11=1,0.5,0.7))) -> 0.7
B13: d. Tidak terpeliharanya Drainase | C13: =IF(rekap!O12=5,0.8,IF(rekap!O12=3,0.6,IF(rekap!O12=1,0.4,0.2))) -> 0.6 | D13: =IF(rekap!O12=5,0.1,IF(rekap!O12=3,0.3,IF(rekap!O12=1,0.5,0.7))) -> 0.3 | E13: =IF(rekap!P12=5,0.8,IF(rekap!P12=3,0.6,IF(rekap!P12=1,0.4,0.2))) -> 0.8 | F13: =IF(rekap!P12=5,0.1,IF(rekap!P12=3,0.3,IF(rekap!P12=1,0.5,0.7))) -> 0.1 | G13: =IF(rekap!Q12=5,0.8,IF(rekap!Q12=3,0.6,IF(rekap!Q12=1,0.4,0.2))) -> 0.4 | H13: =IF(rekap!Q12=5,0.1,IF(rekap!Q12=3,0.3,IF(rekap!Q12=1,0.5,0.7))) -> 0.5 | I13: =IF(rekap!R12=5,0.8,IF(rekap!R12=3,0.6,IF(rekap!R12=1,0.4,0.2))) -> 0.4 | J13: =IF(rekap!R12=5,0.1,IF(rekap!R12=3,0.3,IF(rekap!R12=1,0.5,0.7))) -> 0.5 | K13: =IF(rekap!S12=5,0.8,IF(rekap!S12=3,0.6,IF(rekap!S12=1,0.4,0.2))) -> 0.6 | L13: =IF(rekap!S12=5,0.1,IF(rekap!S12=3,0.3,IF(rekap!S12=1,0.5,0.7))) -> 0.3 | M13: =IF(rekap!T12=5,0.8,IF(rekap!T12=3,0.6,IF(rekap!T12=1,0.4,0.2))) -> 0.6 | N13: =IF(rekap!T12=5,0.1,IF(rekap!T12=3,0.3,IF(rekap!T12=1,0.5,0.7))) -> 0.3
B14: e. Kualitas Konstruksi Drainase | C14: =IF(rekap!O13=5,0.8,IF(rekap!O13=3,0.6,IF(rekap!O13=1,0.4,0.2))) -> 0.2 | D14: =IF(rekap!O13=5,0.1,IF(rekap!O13=3,0.3,IF(rekap!O13=1,0.5,0.7))) -> 0.7 | E14: =IF(rekap!P13=5,0.8,IF(rekap!P13=3,0.6,IF(rekap!P13=1,0.4,0.2))) -> 0.2 | F14: =IF(rekap!P13=5,0.1,IF(rekap!P13=3,0.3,IF(rekap!P13=1,0.5,0.7))) -> 0.7 | G14: =IF(rekap!Q13=5,0.8,IF(rekap!Q13=3,0.6,IF(rekap!Q13=1,0.4,0.2))) -> 0.2 | H14: =IF(rekap!Q13=5,0.1,IF(rekap!Q13=3,0.3,IF(rekap!Q13=1,0.5,0.7))) -> 0.7 | I14: =IF(rekap!R13=5,0.8,IF(rekap!R13=3,0.6,IF(rekap!R13=1,0.4,0.2))) -> 0.2 | J14: =IF(rekap!R13=5,0.1,IF(rekap!R13=3,0.3,IF(rekap!R13=1,0.5,0.7))) -> 0.7 | K14: =IF(rekap!S13=5,0.8,IF(rekap!S13=3,0.6,IF(rekap!S13=1,0.4,0.2))) -> 0.2 | L14: =IF(rekap!S13=5,0.1,IF(rekap!S13=3,0.3,IF(rekap!S13=1,0.5,0.7))) -> 0.7 | M14: =IF(rekap!T13=5,0.8,IF(rekap!T13=3,0.6,IF(rekap!T13=1,0.4,0.2))) -> 0.2 | N14: =IF(rekap!T13=5,0.1,IF(rekap!T13=3,0.3,IF(rekap!T13=1,0.5,0.7))) -> 0.7
A15: 5. Kondisi Pengelolaan Air Limbah | B15: a. Sistem Pengelolaan Air Limbah Tidak Sesuai Standar Teknis | C15: =IF(rekap!O14=5,0.8,IF(rekap!O14=3,0.6,IF(rekap!O14=1,0.4,0.2))) -> 0.2 | D15: =IF(rekap!O14=5,0.1,IF(rekap!O14=3,0.3,IF(rekap!O14=1,0.5,0.7))) -> 0.7 | E15: =IF(rekap!P14=5,0.8,IF(rekap!P14=3,0.6,IF(rekap!P14=1,0.4,0.2))) -> 0.2 | F15: =IF(rekap!P14=5,0.1,IF(rekap!P14=3,0.3,IF(rekap!P14=1,0.5,0.7))) -> 0.7 | G15: =IF(rekap!Q14=5,0.8,IF(rekap!Q14=3,0.6,IF(rekap!Q14=1,0.4,0.2))) -> 0.2 | H15: =IF(rekap!Q14=5,0.1,IF(rekap!Q14=3,0.3,IF(rekap!Q14=1,0.5,0.7))) -> 0.7 | I15: =IF(rekap!R14=5,0.8,IF(rekap!R14=3,0.6,IF(rekap!R14=1,0.4,0.2))) -> 0.2 | J15: =IF(rekap!R14=5,0.1,IF(rekap!R14=3,0.3,IF(rekap!R14=1,0.5,0.7))) -> 0.7 | K15: =IF(rekap!S14=5,0.8,IF(rekap!S14=3,0.6,IF(rekap!S14=1,0.4,0.2))) -> 0.2 | L15: =IF(rekap!S14=5,0.1,IF(rekap!S14=3,0.3,IF(rekap!S14=1,0.5,0.7))) -> 0.7 | M15: =IF(rekap!T14=5,0.8,IF(rekap!T14=3,0.6,IF(rekap!T14=1,0.4,0.2))) -> 0.2 | N15: =IF(rekap!T14=5,0.1,IF(rekap!T14=3,0.3,IF(rekap!T14=1,0.5,0.7))) -> 0.7
B16: b. Prasarana dan Sarana Pengelolaan Air Limbah Tidak Sesuai dengan Persyaratan Teknis | C16: =IF(rekap!O15=5,0.8,IF(rekap!O15=3,0.6,IF(rekap!O15=1,0.4,0.2))) -> 0.2 | D16: =IF(rekap!O15=5,0.1,IF(rekap!O15=3,0.3,IF(rekap!O15=1,0.5,0.7))) -> 0.7 | E16: =IF(rekap!P15=5,0.8,IF(rekap!P15=3,0.6,IF(rekap!P15=1,0.4,0.2))) -> 0.2 | F16: =IF(rekap!P15=5,0.1,IF(rekap!P15=3,0.3,IF(rekap!P15=1,0.5,0.7))) -> 0.7 | G16: =IF(rekap!Q15=5,0.8,IF(rekap!Q15=3,0.6,IF(rekap!Q15=1,0.4,0.2))) -> 0.2 | H16: =IF(rekap!Q15=5,0.1,IF(rekap!Q15=3,0.3,IF(rekap!Q15=1,0.5,0.7))) -> 0.7 | I16: =IF(rekap!R15=5,0.8,IF(rekap!R15=3,0.6,IF(rekap!R15=1,0.4,0.2))) -> 0.2 | J16: =IF(rekap!R15=5,0.1,IF(rekap!R15=3,0.3,IF(rekap!R15=1,0.5,0.7))) -> 0.7 | K16: =IF(rekap!S15=5,0.8,IF(rekap!S15=3,0.6,IF(rekap!S15=1,0.4,0.2))) -> 0.2 | L16: =IF(rekap!S15=5,0.1,IF(rekap!S15=3,0.3,IF(rekap!S15=1,0.5,0.7))) -> 0.7 | M16: =IF(rekap!T15=5,0.8,IF(rekap!T15=3,0.6,IF(rekap!T15=1,0.4,0.2))) -> 0.2 | N16: =IF(rekap!T15=5,0.1,IF(rekap!T15=3,0.3,IF(rekap!T15=1,0.5,0.7))) -> 0.7
A17: 6. Kondisi Pengelolaan Persampahan | B17: a. Prasarana dan Sarana Persampahan Tidak Sesuai dengan persyaratan Teknis | C17: =IF(rekap!O16=5,0.8,IF(rekap!O16=3,0.6,IF(rekap!O16=1,0.4,0.2))) -> 0.8 | D17: =IF(rekap!O16=5,0.1,IF(rekap!O16=3,0.3,IF(rekap!O16=1,0.5,0.7))) -> 0.1 | E17: =IF(rekap!P16=5,0.8,IF(rekap!P16=3,0.6,IF(rekap!P16=1,0.4,0.2))) -> 0.8 | F17: =IF(rekap!P16=5,0.1,IF(rekap!P16=3,0.3,IF(rekap!P16=1,0.5,0.7))) -> 0.1 | G17: =IF(rekap!Q16=5,0.8,IF(rekap!Q16=3,0.6,IF(rekap!Q16=1,0.4,0.2))) -> 0.8 | H17: =IF(rekap!Q16=5,0.1,IF(rekap!Q16=3,0.3,IF(rekap!Q16=1,0.5,0.7))) -> 0.1 | I17: =IF(rekap!R16=5,0.8,IF(rekap!R16=3,0.6,IF(rekap!R16=1,0.4,0.2))) -> 0.8 | J17: =IF(rekap!R16=5,0.1,IF(rekap!R16=3,0.3,IF(rekap!R16=1,0.5,0.7))) -> 0.1 | K17: =IF(rekap!S16=5,0.8,IF(rekap!S16=3,0.6,IF(rekap!S16=1,0.4,0.2))) -> 0.8 | L17: =IF(rekap!S16=5,0.1,IF(rekap!S16=3,0.3,IF(rekap!S16=1,0.5,0.7))) -> 0.1 | M17: =IF(rekap!T16=5,0.8,IF(rekap!T16=3,0.6,IF(rekap!T16=1,0.4,0.2))) -> 0.4 | N17: =IF(rekap!T16=5,0.1,IF(rekap!T16=3,0.3,IF(rekap!T16=1,0.5,0.7))) -> 0.5
B18: b. Sistem Pengelolaan Persampahan yang tidak sesuai Standar Teknis | C18: =IF(rekap!O17=5,0.8,IF(rekap!O17=3,0.6,IF(rekap!O17=1,0.4,0.2))) -> 0.8 | D18: =IF(rekap!O17=5,0.1,IF(rekap!O17=3,0.3,IF(rekap!O17=1,0.5,0.7))) -> 0.1 | E18: =IF(rekap!P17=5,0.8,IF(rekap!P17=3,0.6,IF(rekap!P17=1,0.4,0.2))) -> 0.4 | F18: =IF(rekap!P17=5,0.1,IF(rekap!P17=3,0.3,IF(rekap!P17=1,0.5,0.7))) -> 0.5 | G18: =IF(rekap!Q17=5,0.8,IF(rekap!Q17=3,0.6,IF(rekap!Q17=1,0.4,0.2))) -> 0.2 | H18: =IF(rekap!Q17=5,0.1,IF(rekap!Q17=3,0.3,IF(rekap!Q17=1,0.5,0.7))) -> 0.7 | I18: =IF(rekap!R17=5,0.8,IF(rekap!R17=3,0.6,IF(rekap!R17=1,0.4,0.2))) -> 0.8 | J18: =IF(rekap!R17=5,0.1,IF(rekap!R17=3,0.3,IF(rekap!R17=1,0.5,0.7))) -> 0.1 | K18: =IF(rekap!S17=5,0.8,IF(rekap!S17=3,0.6,IF(rekap!S17=1,0.4,0.2))) -> 0.6 | L18: =IF(rekap!S17=5,0.1,IF(rekap!S17=3,0.3,IF(rekap!S17=1,0.5,0.7))) -> 0.3 | M18: =IF(rekap!T17=5,0.8,IF(rekap!T17=3,0.6,IF(rekap!T17=1,0.4,0.2))) -> 0.2 | N18: =IF(rekap!T17=5,0.1,IF(rekap!T17=3,0.3,IF(rekap!T17=1,0.5,0.7))) -> 0.7
B19: c. Tidakterpeliharanya Sarana dan Prasarana Pengelolaan Persampahan | C19: =IF(rekap!O18=5,0.8,IF(rekap!O18=3,0.6,IF(rekap!O18=1,0.4,0.2))) -> 0.8 | D19: =IF(rekap!O18=5,0.1,IF(rekap!O18=3,0.3,IF(rekap!O18=1,0.5,0.7))) -> 0.1 | E19: =IF(rekap!P18=5,0.8,IF(rekap!P18=3,0.6,IF(rekap!P18=1,0.4,0.2))) -> 0.8 | F19: =IF(rekap!P18=5,0.1,IF(rekap!P18=3,0.3,IF(rekap!P18=1,0.5,0.7))) -> 0.1 | G19: =IF(rekap!Q18=5,0.8,IF(rekap!Q18=3,0.6,IF(rekap!Q18=1,0.4,0.2))) -> 0.8 | H19: =IF(rekap!Q18=5,0.1,IF(rekap!Q18=3,0.3,IF(rekap!Q18=1,0.5,0.7))) -> 0.1 | I19: =IF(rekap!R18=5,0.8,IF(rekap!R18=3,0.6,IF(rekap!R18=1,0.4,0.2))) -> 0.8 | J19: =IF(rekap!R18=5,0.1,IF(rekap!R18=3,0.3,IF(rekap!R18=1,0.5,0.7))) -> 0.1 | K19: =IF(rekap!S18=5,0.8,IF(rekap!S18=3,0.6,IF(rekap!S18=1,0.4,0.2))) -> 0.8 | L19: =IF(rekap!S18=5,0.1,IF(rekap!S18=3,0.3,IF(rekap!S18=1,0.5,0.7))) -> 0.1 | M19: =IF(rekap!T18=5,0.8,IF(rekap!T18=3,0.6,IF(rekap!T18=1,0.4,0.2))) -> 0.4 | N19: =IF(rekap!T18=5,0.1,IF(rekap!T18=3,0.3,IF(rekap!T18=1,0.5,0.7))) -> 0.5
A20: 7. Kondisi Proteksi Kebakaran | B20: a. Ketidaktersediaan Prasarana Proteksi Kebakaran | C20: =IF(rekap!O19=5,0.8,IF(rekap!O19=3,0.6,IF(rekap!O19=1,0.4,0.2))) -> 0.2 | D20: =IF(rekap!O19=5,0.1,IF(rekap!O19=3,0.3,IF(rekap!O19=1,0.5,0.7))) -> 0.7 | E20: =IF(rekap!P19=5,0.8,IF(rekap!P19=3,0.6,IF(rekap!P19=1,0.4,0.2))) -> 0.6 | F20: =IF(rekap!P19=5,0.1,IF(rekap!P19=3,0.3,IF(rekap!P19=1,0.5,0.7))) -> 0.3 | G20: =IF(rekap!Q19=5,0.8,IF(rekap!Q19=3,0.6,IF(rekap!Q19=1,0.4,0.2))) -> 0.8 | H20: =IF(rekap!Q19=5,0.1,IF(rekap!Q19=3,0.3,IF(rekap!Q19=1,0.5,0.7))) -> 0.1 | I20: =IF(rekap!R19=5,0.8,IF(rekap!R19=3,0.6,IF(rekap!R19=1,0.4,0.2))) -> 0.8 | J20: =IF(rekap!R19=5,0.1,IF(rekap!R19=3,0.3,IF(rekap!R19=1,0.5,0.7))) -> 0.1 | K20: =IF(rekap!S19=5,0.8,IF(rekap!S19=3,0.6,IF(rekap!S19=1,0.4,0.2))) -> 0.6 | L20: =IF(rekap!S19=5,0.1,IF(rekap!S19=3,0.3,IF(rekap!S19=1,0.5,0.7))) -> 0.3 | M20: =IF(rekap!T19=5,0.8,IF(rekap!T19=3,0.6,IF(rekap!T19=1,0.4,0.2))) -> 0.6 | N20: =IF(rekap!T19=5,0.1,IF(rekap!T19=3,0.3,IF(rekap!T19=1,0.5,0.7))) -> 0.3
B21: b. Ketidaktersediaan Sarana Proteksi Kebakaran | C21: =IF(rekap!O20=5,0.8,IF(rekap!O20=3,0.6,IF(rekap!O20=1,0.4,0.2))) -> 0.8 | D21: =IF(rekap!O20=5,0.1,IF(rekap!O20=3,0.3,IF(rekap!O20=1,0.5,0.7))) -> 0.1 | E21: =IF(rekap!P20=5,0.8,IF(rekap!P20=3,0.6,IF(rekap!P20=1,0.4,0.2))) -> 0.8 | F21: =IF(rekap!P20=5,0.1,IF(rekap!P20=3,0.3,IF(rekap!P20=1,0.5,0.7))) -> 0.1 | G21: =IF(rekap!Q20=5,0.8,IF(rekap!Q20=3,0.6,IF(rekap!Q20=1,0.4,0.2))) -> 0.8 | H21: =IF(rekap!Q20=5,0.1,IF(rekap!Q20=3,0.3,IF(rekap!Q20=1,0.5,0.7))) -> 0.1 | I21: =IF(rekap!R20=5,0.8,IF(rekap!R20=3,0.6,IF(rekap!R20=1,0.4,0.2))) -> 0.8 | J21: =IF(rekap!R20=5,0.1,IF(rekap!R20=3,0.3,IF(rekap!R20=1,0.5,0.7))) -> 0.1 | K21: =IF(rekap!S20=5,0.8,IF(rekap!S20=3,0.6,IF(rekap!S20=1,0.4,0.2))) -> 0.8 | L21: =IF(rekap!S20=5,0.1,IF(rekap!S20=3,0.3,IF(rekap!S20=1,0.5,0.7))) -> 0.1 | M21: =IF(rekap!T20=5,0.8,IF(rekap!T20=3,0.6,IF(rekap!T20=1,0.4,0.2))) -> 0.8 | N21: =IF(rekap!T20=5,0.1,IF(rekap!T20=3,0.3,IF(rekap!T20=1,0.5,0.7))) -> 0.1
C22: =SUM(C3:C21) -> 6.6 | E22: =SUM(E3:E21) -> 8.2 | G22: =SUM(G3:G21) -> 6.8 | I22: =SUM(I3:I21) -> 7 | K22: =SUM(K3:K21) -> 7.8 | M22: =SUM(M3:M21) -> 7.2 | N22: =SUM(N3:N21) -> 9.9

Sheet rekap B
A1: ASPEK | B1: KRITERIA | C1: B1 | E1: B2 | G1: B3 | I1: B4 | K1: B5 | M1: B6
C2: miu | D2: v | E2: miu | F2: v | G2: miu | H2: v | I2: miu | J2: v | K2: miu | L2: v | M2: miu | N2: v
A3: 1. KONDISI BANGUNAN GEDUNG | B3: a. Ketidakteraturan Bangunan | C3: =IF(rekap!I2=5,0.8,IF(rekap!I2=3,0.6,IF(rekap!I2=1,0.4,0.2))) -> 0.4 | D3: =IF(rekap!I2=5,0.1,IF(rekap!I2=3,0.3,IF(rekap!I2=1,0.5,0.7))) -> 0.5 | E3: =IF(rekap!J2=5,0.8,IF(rekap!J2=3,0.6,IF(rekap!J2=1,0.4,0.2))) -> 0.4 | F3: =IF(rekap!J2=5,0.1,IF(rekap!J2=3,0.3,IF(rekap!J2=1,0.5,0.7))) -> 0.5 | G3: =IF(rekap!K2=5,0.8,IF(rekap!K2=3,0.6,IF(rekap!K2=1,0.4,0.2))) -> 0.2 | H3: =IF(rekap!K2=5,0.1,IF(rekap!K2=3,0.3,IF(rekap!K2=1,0.5,0.7))) -> 0.7 | I3: =IF(rekap!L2=5,0.8,IF(rekap!L2=3,0.6,IF(rekap!L2=1,0.4,0.2))) -> 0.2 | J3: =IF(rekap!L2=5,0.1,IF(rekap!L2=3,0.3,IF(rekap!L2=1,0.5,0.7))) -> 0.7 | K3: =IF(rekap!M2=5,0.8,IF(rekap!M2=3,0.6,IF(rekap!M2=1,0.4,0.2))) -> 0.2 | L3: =IF(rekap!M2=5,0.1,IF(rekap!M2=3,0.3,IF(rekap!M2=1,0.5,0.7))) -> 0.7 | M3: =IF(rekap!N2=5,0.8,IF(rekap!N2=3,0.6,IF(rekap!N2=1,0.4,0.2))) -> 0.4 | N3: =IF(rekap!N2=5,0.1,IF(rekap!N2=3,0.3,IF(rekap!N2=1,0.5,0.7))) -> 0.5
B4: b. Kepadatan Bangunan | C4: =IF(rekap!I3=5,0.8,IF(rekap!I3=3,0.6,IF(rekap!I3=1,0.4,0.2))) -> 0.6 | D4: =IF(rekap!I3=5,0.1,IF(rekap!I3=3,0.3,IF(rekap!I3=1,0.5,0.7))) -> 0.3 | E4: =IF(rekap!J3=5,0.8,IF(rekap!J3=3,0.6,IF(rekap!J3=1,0.4,0.2))) -> 0.8 | F4: =IF(rekap!J3=5,0.1,IF(rekap!J3=3,0.3,IF(rekap!J3=1,0.5,0.7))) -> 0.1 | G4: =IF(rekap!K3=5,0.8,IF(rekap!K3=3,0.6,IF(rekap!K3=1,0.4,0.2))) -> 0.2 | H4: =IF(rekap!K3=5,0.1,IF(rekap!K3=3,0.3,IF(rekap!K3=1,0.5,0.7))) -> 0.7 | I4: =IF(rekap!L3=5,0.8,IF(rekap!L3=3,0.6,IF(rekap!L3=1,0.4,0.2))) -> 0.2 | J4: =IF(rekap!L3=5,0.1,IF(rekap!L3=3,0.3,IF(rekap!L3=1,0.5,0.7))) -> 0.7 | K4: =IF(rekap!M3=5,0.8,IF(rekap!M3=3,0.6,IF(rekap!M3=1,0.4,0.2))) -> 0.6 | L4: =IF(rekap!M3=5,0.1,IF(rekap!M3=3,0.3,IF(rekap!M3=1,0.5,0.7))) -> 0.3 | M4: =IF(rekap!N3=5,0.8,IF(rekap!N3=3,0.6,IF(rekap!N3=1,0.4,0.2))) -> 0.8 | N4: =IF(rekap!N3=5,0.1,IF(rekap!N3=3,0.3,IF(rekap!N3=1,0.5,0.7))) -> 0.1
B5: c. Ketidaksesuaian dengan Persy Teknis Bangunan | C5: =IF(rekap!I4=5,0.8,IF(rekap!I4=3,0.6,IF(rekap!I4=1,0.4,0.2))) -> 0.2 | D5: =IF(rekap!I4=5,0.1,IF(rekap!I4=3,0.3,IF(rekap!I4=1,0.5,0.7))) -> 0.7 | E5: =IF(rekap!J4=5,0.8,IF(rekap!J4=3,0.6,IF(rekap!J4=1,0.4,0.2))) -> 0.2 | F5: =IF(rekap!J4=5,0.1,IF(rekap!J4=3,0.3,IF(rekap!J4=1,0.5,0.7))) -> 0.7 | G5: =IF(rekap!K4=5,0.8,IF(rekap!K4=3,0.6,IF(rekap!K4=1,0.4,0.2))) -> 0.2 | H5: =IF(rekap!K4=5,0.1,IF(rekap!K4=3,0.3,IF(rekap!K4=1,0.5,0.7))) -> 0.7 | I5: =IF(rekap!L4=5,0.8,IF(rekap!L4=3,0.6,IF(rekap!L4=1,0.4,0.2))) -> 0.2 | J5: =IF(rekap!L4=5,0.1,IF(rekap!L4=3,0.3,IF(rekap!L4=1,0.5,0.7))) -> 0.7 | K5: =IF(rekap!M4=5,0.8,IF(rekap!M4=3,0.6,IF(rekap!M4=1,0.4,0.2))) -> 0.2 | L5: =IF(rekap!M4=5,0.1,IF(rekap!M4=3,0.3,IF(rekap!M4=1,0.5,0.7))) -> 0.7 | M5: =IF(rekap!N4=5,0.8,IF(rekap!N4=3,0.6,IF(rekap!N4=1,0.4,0.2))) -> 0.2 | N5: =IF(rekap!N4=5,0.1,IF(rekap!N4=3,0.3,IF(rekap!N4=1,0.5,0.7))) -> 0.7
A6: 2. Kondisi Jalan Lingkungan | B6: a. Cakupan Pelayanan Jalan Lingkungan | C6: =IF(rekap!I5=5,0.8,IF(rekap!I5=3,0.6,IF(rekap!I5=1,0.4,0.2))) -> 0.2 | D6: =IF(rekap!I5=5,0.1,IF(rekap!I5=3,0.3,IF(rekap!I5=1,0.5,0.7))) -> 0.7 | E6: =IF(rekap!J5=5,0.8,IF(rekap!J5=3,0.6,IF(rekap!J5=1,0.4,0.2))) -> 0.2 | F6: =IF(rekap!J5=5,0.1,IF(rekap!J5=3,0.3,IF(rekap!J5=1,0.5,0.7))) -> 0.7 | G6: =IF(rekap!K5=5,0.8,IF(rekap!K5=3,0.6,IF(rekap!K5=1,0.4,0.2))) -> 0.2 | H6: =IF(rekap!K5=5,0.1,IF(rekap!K5=3,0.3,IF(rekap!K5=1,0.5,0.7))) -> 0.7 | I6: =IF(rekap!L5=5,0.8,IF(rekap!L5=3,0.6,IF(rekap!L5=1,0.4,0.2))) -> 0.2 | J6: =IF(rekap!L5=5,0.1,IF(rekap!L5=3,0.3,IF(rekap!L5=1,0.5,0.7))) -> 0.7 | K6: =IF(rekap!M5=5,0.8,IF(rekap!M5=3,0.6,IF(rekap!M5=1,0.4,0.2))) -> 0.2 | L6: =IF(rekap!M5=5,0.1,IF(rekap!M5=3,0.3,IF(rekap!M5=1,0.5,0.7))) -> 0.7 | M6: =IF(rekap!N5=5,0.8,IF(rekap!N5=3,0.6,IF(rekap!N5=1,0.4,0.2))) -> 0.2 | N6: =IF(rekap!N5=5,0.1,IF(rekap!N5=3,0.3,IF(rekap!N5=1,0.5,0.7))) -> 0.7
B7: b. Kualitas Permukaan Jalan lingkungan | C7: =IF(rekap!I6=5,0.8,IF(rekap!I6=3,0.6,IF(rekap!I6=1,0.4,0.2))) -> 0.4 | D7: =IF(rekap!I6=5,0.1,IF(rekap!I6=3,0.3,IF(rekap!I6=1,0.5,0.7))) -> 0.5 | E7: =IF(rekap!J6=5,0.8,IF(rekap!J6=3,0.6,IF(rekap!J6=1,0.4,0.2))) -> 0.2 | F7: =IF(rekap!J6=5,0.1,IF(rekap!J6=3,0.3,IF(rekap!J6=1,0.5,0.7))) -> 0.7 | G7: =IF(rekap!K6=5,0.8,IF(rekap!K6=3,0.6,IF(rekap!K6=1,0.4,0.2))) -> 0.2 | H7: =IF(rekap!K6=5,0.1,IF(rekap!K6=3,0.3,IF(rekap!K6=1,0.5,0.7))) -> 0.7 | I7: =IF(rekap!L6=5,0.8,IF(rekap!L6=3,0.6,IF(rekap!L6=1,0.4,0.2))) -> 0.2 | J7: =IF(rekap!L6=5,0.1,IF(rekap!L6=3,0.3,IF(rekap!L6=1,0.5,0.7))) -> 0.7 | K7: =IF(rekap!M6=5,0.8,IF(rekap!M6=3,0.6,IF(rekap!M6=1,0.4,0.2))) -> 0.2 | L7: =IF(rekap!M6=5,0.1,IF(rekap!M6=3,0.3,IF(rekap!M6=1,0.5,0.7))) -> 0.7 | M7: =IF(rekap!N6=5,0.8,IF(rekap!N6=3,0.6,IF(rekap!N6=1,0.4,0.2))) -> 0.4 | N7: =IF(rekap!N6=5,0.1,IF(rekap!N6=3,0.3,IF(rekap!N6=1,0.5,0.7))) -> 0.5
A8: 3. Kondisi Penyediaan Air Minum | B8: a. Ketersediaan Akses Aman Air Minum | C8: =IF(rekap!I7=5,0.8,IF(rekap!I7=3,0.6,IF(rekap!I7=1,0.4,0.2))) -> 0.6 | D8: =IF(rekap!I7=5,0.1,IF(rekap!I7=3,0.3,IF(rekap!I7=1,0.5,0.7))) -> 0.3 | E8: =IF(rekap!J7=5,0.8,IF(rekap!J7=3,0.6,IF(rekap!J7=1,0.4,0.2))) -> 0.2 | F8: =IF(rekap!J7=5,0.1,IF(rekap!J7=3,0.3,IF(rekap!J7=1,0.5,0.7))) -> 0.7 | G8: =IF(rekap!K7=5,0.8,IF(rekap!K7=3,0.6,IF(rekap!K7=1,0.4,0.2))) -> 0.2 | H8: =IF(rekap!K7=5,0.1,IF(rekap!K7=3,0.3,IF(rekap!K7=1,0.5,0.7))) -> 0.7 | I8: =IF(rekap!L7=5,0.8,IF(rekap!L7=3,0.6,IF(rekap!L7=1,0.4,0.2))) -> 0.2 | J8: =IF(rekap!L7=5,0.1,IF(rekap!L7=3,0.3,IF(rekap!L7=1,0.5,0.7))) -> 0.7 | K8: =IF(rekap!M7=5,0.8,IF(rekap!M7=3,0.6,IF(rekap!M7=1,0.4,0.2))) -> 0.4 | L8: =IF(rekap!M7=5,0.1,IF(rekap!M7=3,0.3,IF(rekap!M7=1,0.5,0.7))) -> 0.5 | M8: =IF(rekap!N7=5,0.8,IF(rekap!N7=3,0.6,IF(rekap!N7=1,0.4,0.2))) -> 0.2 | N8: =IF(rekap!N7=5,0.1,IF(rekap!N7=3,0.3,IF(rekap!N7=1,0.5,0.7))) -> 0.7
B9: b. Tidak terpenuhinya Kebutuhan Air Minum | C9: =IF(rekap!I8=5,0.8,IF(rekap!I8=3,0.6,IF(rekap!I8=1,0.4,0.2))) -> 0.2 | D9: =IF(rekap!I8=5,0.1,IF(rekap!I8=3,0.3,IF(rekap!I8=1,0.5,0.7))) -> 0.7 | E9: =IF(rekap!J8=5,0.8,IF(rekap!J8=3,0.6,IF(rekap!J8=1,0.4,0.2))) -> 0.2 | F9: =IF(rekap!J8=5,0.1,IF(rekap!J8=3,0.3,IF(rekap!J8=1,0.5,0.7))) -> 0.7 | G9: =IF(rekap!K8=5,0.8,IF(rekap!K8=3,0.6,IF(rekap!K8=1,0.4,0.2))) -> 0.2 | H9: =IF(rekap!K8=5,0.1,IF(rekap!K8=3,0.3,IF(rekap!K8=1,0.5,0.7))) -> 0.7 | I9: =IF(rekap!L8=5,0.8,IF(rekap!L8=3,0.6,IF(rekap!L8=1,0.4,0.2))) -> 0.2 | J9: =IF(rekap!L8=5,0.1,IF(rekap!L8=3,0.3,IF(rekap!L8=1,0.5,0.7))) -> 0.7 | K9: =IF(rekap!M8=5,0.8,IF(rekap!M8=3,0.6,IF(rekap!M8=1,0.4,0.2))) -> 0.2 | L9: =IF(rekap!M8=5,0.1,IF(rekap!M8=3,0.3,IF(rekap!M8=1,0.5,0.7))) -> 0.7 | M9: =IF(rekap!N8=5,0.8,IF(rekap!N8=3,0.6,IF(rekap!N8=1,0.4,0.2))) -> 0.6 | N9: =IF(rekap!N8=5,0.1,IF(rekap!N8=3,0.3,IF(rekap!N8=1,0.5,0.7))) -> 0.3
A10: 4. Kondisi Drainase Lingkungan | B10: a. Ketidakmampuan Mengalirkan Limpasan Air | C10: =IF(rekap!I9=5,0.8,IF(rekap!I9=3,0.6,IF(rekap!I9=1,0.4,0.2))) -> 0.2 | D10: =IF(rekap!I9=5,0.1,IF(rekap!I9=3,0.3,IF(rekap!I9=1,0.5,0.7))) -> 0.7 | E10: =IF(rekap!J9=5,0.8,IF(rekap!J9=3,0.6,IF(rekap!J9=1,0.4,0.2))) -> 0.8 | F10: =IF(rekap!J9=5,0.1,IF(rekap!J9=3,0.3,IF(rekap!J9=1,0.5,0.7))) -> 0.1 | G10: =IF(rekap!K9=5,0.8,IF(rekap!K9=3,0.6,IF(rekap!K9=1,0.4,0.2))) -> 0.2 | H10: =IF(rekap!K9=5,0.1,IF(rekap!K9=3,0.3,IF(rekap!K9=1,0.5,0.7))) -> 0.7 | I10: =IF(rekap!L9=5,0.8,IF(rekap!L9=3,0.6,IF(rekap!L9=1,0.4,0.2))) -> 0.2 | J10: =IF(rekap!L9=5,0.1,IF(rekap!L9=3,0.3,IF(rekap!L9=1,0.5,0.7))) -> 0.7 | K10: =IF(rekap!M9=5,0.8,IF(rekap!M9=3,0.6,IF(rekap!M9=1,0.4,0.2))) -> 0.4 | L10: =IF(rekap!M9=5,0.1,IF(rekap!M9=3,0.3,IF(rekap!M9=1,0.5,0.7))) -> 0.5 | M10: =IF(rekap!N9=5,0.8,IF(rekap!N9=3,0.6,IF(rekap!N9=1,0.4,0.2))) -> 0.2 | N10: =IF(rekap!N9=5,0.1,IF(rekap!N9=3,0.3,IF(rekap!N9=1,0.5,0.7))) -> 0.7
B11: b. Ketidaktersediaan Drainase | C11: =IF(rekap!I10=5,0.8,IF(rekap!I10=3,0.6,IF(rekap!I10=1,0.4,0.2))) -> 0.4 | D11: =IF(rekap!I10=5,0.1,IF(rekap!I10=3,0.3,IF(rekap!I10=1,0.5,0.7))) -> 0.5 | E11: =IF(rekap!J10=5,0.8,IF(rekap!J10=3,0.6,IF(rekap!J10=1,0.4,0.2))) -> 0.2 | F11: =IF(rekap!J10=5,0.1,IF(rekap!J10=3,0.3,IF(rekap!J10=1,0.5,0.7))) -> 0.7 | G11: =IF(rekap!K10=5,0.8,IF(rekap!K10=3,0.6,IF(rekap!K10=1,0.4,0.2))) -> 0.6 | H11: =IF(rekap!K10=5,0.1,IF(rekap!K10=3,0.3,IF(rekap!K10=1,0.5,0.7))) -> 0.3 | I11: =IF(rekap!L10=5,0.8,IF(rekap!L10=3,0.6,IF(rekap!L10=1,0.4,0.2))) -> 0.2 | J11: =IF(rekap!L10=5,0.1,IF(rekap!L10=3,0.3,IF(rekap!L10=1,0.5,0.7))) -> 0.7 | K11: =IF(rekap!M10=5,0.8,IF(rekap!M10=3,0.6,IF(rekap!M10=1,0.4,0.2))) -> 0.4 | L11: =IF(rekap!M10=5,0.1,IF(rekap!M10=3,0.3,IF(rekap!M10=1,0.5,0.7))) -> 0.5 | M11: =IF(rekap!N10=5,0.8,IF(rekap!N10=3,0.6,IF(rekap!N10=1,0.4,0.2))) -> 0.4 | N11: =IF(rekap!N10=5,0.1,IF(rekap!N10=3,0.3,IF(rekap!N10=1,0.5,0.7))) -> 0.5
B12: c. Ketidakterhubungan dgn Sistem Drainase Kota | C12: =IF(rekap!I11=5,0.8,IF(rekap!I11=3,0.6,IF(rekap!I11=1,0.4,0.2))) -> 0.2 | D12: =IF(rekap!I11=5,0.1,IF(rekap!I11=3,0.3,IF(rekap!I11=1,0.5,0.7))) -> 0.7 | E12: =IF(rekap!J11=5,0.8,IF(rekap!J11=3,0.6,IF(rekap!J11=1,0.4,0.2))) -> 0.2 | F12: =IF(rekap!J11=5,0.1,IF(rekap!J11=3,0.3,IF(rekap!J11=1,0.5,0.7))) -> 0.7 | G12: =IF(rekap!K11=5,0.8,IF(rekap!K11=3,0.6,IF(rekap!K11=1,0.4,0.2))) -> 0.2 | H12: =IF(rekap!K11=5,0.1,IF(rekap!K11=3,0.3,IF(rekap!K11=1,0.5,0.7))) -> 0.7 | I12: =IF(rekap!L11=5,0.8,IF(rekap!L11=3,0.6,IF(rekap!L11=1,0.4,0.2))) -> 0.2 | J12: =IF(rekap!L11=5,0.1,IF(rekap!L11=3,0.3,IF(rekap!L11=1,0.5,0.7))) -> 0.7 | K12: =IF(rekap!M11=5,0.8,IF(rekap!M11=3,0.6,IF(rekap!M11=1,0.4,0.2))) -> 0.2 | L12: =IF(rekap!M11=5,0.1,IF(rekap!M11=3,0.3,IF(rekap!M11=1,0.5,0.7))) -> 0.7 | M12: =IF(rekap!N11=5,0.8,IF(rekap!N11=3,0.6,IF(rekap!N11=1,0.4,0.2))) -> 0.2 | N12: =IF(rekap!N11=5,0.1,IF(rekap!N11=3,0.3,IF(rekap!N11=1,0.5,0.7))) -> 0.7
B13: d. Tidak terpeliharanya Drainase | C13: =IF(rekap!I12=5,0.8,IF(rekap!I12=3,0.6,IF(rekap!I12=1,0.4,0.2))) -> 0.6 | D13: =IF(rekap!I12=5,0.1,IF(rekap!I12=3,0.3,IF(rekap!I12=1,0.5,0.7))) -> 0.3 | E13: =IF(rekap!J12=5,0.8,IF(rekap!J12=3,0.6,IF(rekap!J12=1,0.4,0.2))) -> 0.8 | F13: =IF(rekap!J12=5,0.1,IF(rekap!J12=3,0.3,IF(rekap!J12=1,0.5,0.7))) -> 0.1 | G13: =IF(rekap!K12=5,0.8,IF(rekap!K12=3,0.6,IF(rekap!K12=1,0.4,0.2))) -> 0.4 | H13: =IF(rekap!K12=5,0.1,IF(rekap!K12=3,0.3,IF(rekap!K12=1,0.5,0.7))) -> 0.5 | I13: =IF(rekap!L12=5,0.8,IF(rekap!L12=3,0.6,IF(rekap!L12=1,0.4,0.2))) -> 0.4 | J13: =IF(rekap!L12=5,0.1,IF(rekap!L12=3,0.3,IF(rekap!L12=1,0.5,0.7))) -> 0.5 | K13: =IF(rekap!M12=5,0.8,IF(rekap!M12=3,0.6,IF(rekap!M12=1,0.4,0.2))) -> 0.6 | L13: =IF(rekap!M12=5,0.1,IF(rekap!M12=3,0.3,IF(rekap!M12=1,0.5,0.7))) -> 0.3 | M13: =IF(rekap!N12=5,0.8,IF(rekap!N12=3,0.6,IF(rekap!N12=1,0.4,0.2))) -> 0.6 | N13: =IF(rekap!N12=5,0.1,IF(rekap!N12=3,0.3,IF(rekap!N12=1,0.5,0.7))) -> 0.3
B14: e. Kualitas Konstruksi Drainase | C14: =IF(rekap!I13=5,0.8,IF(rekap!I13=3,0.6,IF(rekap!I13=1,0.4,0.2))) -> 0.2 | D14: =IF(rekap!I13=5,0.1,IF(rekap!I13=3,0.3,IF(rekap!I13=1,0.5,0.7))) -> 0.7 | E14: =IF(rekap!J13=5,0.8,IF(rekap!J13=3,0.6,IF(rekap!J13=1,0.4,0.2))) -> 0.2 | F14: =IF(rekap!J13=5,0.1,IF(rekap!J13=3,0.3,IF(rekap!J13=1,0.5,0.7))) -> 0.7 | G14: =IF(rekap!K13=5,0.8,IF(rekap!K13=3,0.6,IF(rekap!K13=1,0.4,0.2))) -> 0.2 | H14: =IF(rekap!K13=5,0.1,IF(rekap!K13=3,0.3,IF(rekap!K13=1,0.5,0.7))) -> 0.7 | I14: =IF(rekap!L13=5,0.8,IF(rekap!L13=3,0.6,IF(rekap!L13=1,0.4,0.2))) -> 0.2 | J14: =IF(rekap!L13=5,0.1,IF(rekap!L13=3,0.3,IF(rekap!L13=1,0.5,0.7))) -> 0.7 | K14: =IF(rekap!M13=5,0.8,IF(rekap!M13=3,0.6,IF(rekap!M13=1,0.4,0.2))) -> 0.2 | L14: =IF(rekap!M13=5,0.1,IF(rekap!M13=3,0.3,IF(rekap!M13=1,0.5,0.7))) -> 0.7 | M14: =IF(rekap!N13=5,0.8,IF(rekap!N13=3,0.6,IF(rekap!N13=1,0.4,0.2))) -> 0.2 | N14: =IF(rekap!N13=5,0.1,IF(rekap!N13=3,0.3,IF(rekap!N13=1,0.5,0.7))) -> 0.7
A15: 5. Kondisi Pengelolaan Air Limbah | B15: a. Sistem Pengelolaan Air Limbah Tidak Sesuai Standar Teknis | C15: =IF(rekap!I14=5,0.8,IF(rekap!I14=3,0.6,IF(rekap!I14=1,0.4,0.2))) -> 0.2 | D15: =IF(rekap!I14=5,0.1,IF(rekap!I14=3,0.3,IF(rekap!I14=1,0.5,0.7))) -> 0.7 | E15: =IF(rekap!J14=5,0.8,IF(rekap!J14=3,0.6,IF(rekap!J14=1,0.4,0.2))) -> 0.2 | F15: =IF(rekap!J14=5,0.1,IF(rekap!J14=3,0.3,IF(rekap!J14=1,0.5,0.7))) -> 0.7 | G15: =IF(rekap!K14=5,0.8,IF(rekap!K14=3,0.6,IF(rekap!K14=1,0.4,0.2))) -> 0.2 | H15: =IF(rekap!K14=5,0.1,IF(rekap!K14=3,0.3,IF(rekap!K14=1,0.5,0.7))) -> 0.7 | I15: =IF(rekap!L14=5,0.8,IF(rekap!L14=3,0.6,IF(rekap!L14=1,0.4,0.2))) -> 0.2 | J15: =IF(rekap!L14=5,0.1,IF(rekap!L14=3,0.3,IF(rekap!L14=1,0.5,0.7))) -> 0.7 | K15: =IF(rekap!M14=5,0.8,IF(rekap!M14=3,0.6,IF(rekap!M14=1,0.4,0.2))) -> 0.2 | L15: =IF(rekap!M14=5,0.1,IF(rekap!M14=3,0.3,IF(rekap!M14=1,0.5,0.7))) -> 0.7 | M15: =IF(rekap!N14=5,0.8,IF(rekap!N14=3,0.6,IF(rekap!N14=1,0.4,0.2))) -> 0.2 | N15: =IF(rekap!N14=5,0.1,IF(rekap!N14=3,0.3,IF(rekap!N14=1,0.5,0.7))) -> 0.7
B16: b. Prasarana dan Sarana Pengelolaan Air Limbah Tidak Sesuai dengan Persyaratan Teknis | C16: =IF(rekap!I15=5,0.8,IF(rekap!I15=3,0.6,IF(rekap!I15=1,0.4,0.2))) -> 0.2 | D16: =IF(rekap!I15=5,0.1,IF(rekap!I15=3,0.3,IF(rekap!I15=1,0.5,0.7))) -> 0.7 | E16: =IF(rekap!J15=5,0.8,IF(rekap!J15=3,0.6,IF(rekap!J15=1,0.4,0.2))) -> 0.2 | F16: =IF(rekap!J15=5,0.1,IF(rekap!J15=3,0.3,IF(rekap!J15=1,0.5,0.7))) -> 0.7 | G16: =IF(rekap!K15=5,0.8,IF(rekap!K15=3,0.6,IF(rekap!K15=1,0.4,0.2))) -> 0.2 | H16: =IF(rekap!K15=5,0.1,IF(rekap!K15=3,0.3,IF(rekap!K15=1,0.5,0.7))) -> 0.7 | I16: =IF(rekap!L15=5,0.8,IF(rekap!L15=3,0.6,IF(rekap!L15=1,0.4,0.2))) -> 0.2 | J16: =IF(rekap!L15=5,0.1,IF(rekap!L15=3,0.3,IF(rekap!L15=1,0.5,0.7))) -> 0.7 | K16: =IF(rekap!M15=5,0.8,IF(rekap!M15=3,0.6,IF(rekap!M15=1,0.4,0.2))) -> 0.2 | L16: =IF(rekap!M15=5,0.1,IF(rekap!M15=3,0.3,IF(rekap!M15=1,0.5,0.7))) -> 0.7 | M16: =IF(rekap!N15=5,0.8,IF(rekap!N15=3,0.6,IF(rekap!N15=1,0.4,0.2))) -> 0.2 | N16: =IF(rekap!N15=5,0.1,IF(rekap!N15=3,0.3,IF(rekap!N15=1,0.5,0.7))) -> 0.7
A17: 6. Kondisi Pengelolaan Persampahan | B17: a. Prasarana dan Sarana Persampahan Tidak Sesuai dengan persyaratan Teknis | C17: =IF(rekap!I16=5,0.8,IF(rekap!I16=3,0.6,IF(rekap!I16=1,0.4,0.2))) -> 0.8 | D17: =IF(rekap!I16=5,0.1,IF(rekap!I16=3,0.3,IF(rekap!I16=1,0.5,0.7))) -> 0.1 | E17: =IF(rekap!J16=5,0.8,IF(rekap!J16=3,0.6,IF(rekap!J16=1,0.4,0.2))) -> 0.8 | F17: =IF(rekap!J16=5,0.1,IF(rekap!J16=3,0.3,IF(rekap!J16=1,0.5,0.7))) -> 0.1 | G17: =IF(rekap!K16=5,0.8,IF(rekap!K16=3,0.6,IF(rekap!K16=1,0.4,0.2))) -> 0.8 | H17: =IF(rekap!K16=5,0.1,IF(rekap!K16=3,0.3,IF(rekap!K16=1,0.5,0.7))) -> 0.1 | I17: =IF(rekap!L16=5,0.8,IF(rekap!L16=3,0.6,IF(rekap!L16=1,0.4,0.2))) -> 0.8 | J17: =IF(rekap!L16=5,0.1,IF(rekap!L16=3,0.3,IF(rekap!L16=1,0.5,0.7))) -> 0.1 | K17: =IF(rekap!M16=5,0.8,IF(rekap!M16=3,0.6,IF(rekap!M16=1,0.4,0.2))) -> 0.8 | L17: =IF(rekap!M16=5,0.1,IF(rekap!M16=3,0.3,IF(rekap!M16=1,0.5,0.7))) -> 0.1 | M17: =IF(rekap!N16=5,0.8,IF(rekap!N16=3,0.6,IF(rekap!N16=1,0.4,0.2))) -> 0.4 | N17: =IF(rekap!N16=5,0.1,IF(rekap!N16=3,0.3,IF(rekap!N16=1,0.5,0.7))) -> 0.5
B18: b. Sistem Pengelolaan Persampahan yang tidak sesuai Standar Teknis | C18: =IF(rekap!I17=5,0.8,IF(rekap!I17=3,0.6,IF(rekap!I17=1,0.4,0.2))) -> 0.8 | D18: =IF(rekap!I17=5,0.1,IF(rekap!I17=3,0.3,IF(rekap!I17=1,0.5,0.7))) -> 0.1 | E18: =IF(rekap!J17=5,0.8,IF(rekap!J17=3,0.6,IF(rekap!J17=1,0.4,0.2))) -> 0.4 | F18: =IF(rekap!J17=5,0.1,IF(rekap!J17=3,0.3,IF(rekap!J17=1,0.5,0.7))) -> 0.5 | G18: =IF(rekap!K17=5,0.8,IF(rekap!K17=3,0.6,IF(rekap!K17=1,0.4,0.2))) -> 0.2 | H18: =IF(rekap!K17=5,0.1,IF(rekap!K17=3,0.3,IF(rekap!K17=1,0.5,0.7))) -> 0.7 | I18: =IF(rekap!L17=5,0.8,IF(rekap!L17=3,0.6,IF(rekap!L17=1,0.4,0.2))) -> 0.8 | J18: =IF(rekap!L17=5,0.1,IF(rekap!L17=3,0.3,IF(rekap!L17=1,0.5,0.7))) -> 0.1 | K18: =IF(rekap!M17=5,0.8,IF(rekap!M17=3,0.6,IF(rekap!M17=1,0.4,0.2))) -> 0.6 | L18: =IF(rekap!M17=5,0.1,IF(rekap!M17=3,0.3,IF(rekap!M17=1,0.5,0.7))) -> 0.3 | M18: =IF(rekap!N17=5,0.8,IF(rekap!N17=3,0.6,IF(rekap!N17=1,0.4,0.2))) -> 0.2 | N18: =IF(rekap!N17=5,0.1,IF(rekap!N17=3,0.3,IF(rekap!N17=1,0.5,0.7))) -> 0.7
B19: c. Tidakterpeliharanya Sarana dan Prasarana Pengelolaan Persampahan | C19: =IF(rekap!I18=5,0.8,IF(rekap!I18=3,0.6,IF(rekap!I18=1,0.4,0.2))) -> 0.8 | D19: =IF(rekap!I18=5,0.1,IF(rekap!I18=3,0.3,IF(rekap!I18=1,0.5,0.7))) -> 0.1 | E19: =IF(rekap!J18=5,0.8,IF(rekap!J18=3,0.6,IF(rekap!J18=1,0.4,0.2))) -> 0.8 | F19: =IF(rekap!J18=5,0.1,IF(rekap!J18=3,0.3,IF(rekap!J18=1,0.5,0.7))) -> 0.1 | G19: =IF(rekap!K18=5,0.8,IF(rekap!K18=3,0.6,IF(rekap!K18=1,0.4,0.2))) -> 0.8 | H19: =IF(rekap!K18=5,0.1,IF(rekap!K18=3,0.3,IF(rekap!K18=1,0.5,0.7))) -> 0.1 | I19: =IF(rekap!L18=5,0.8,IF(rekap!L18=3,0.6,IF(rekap!L18=1,0.4,0.2))) -> 0.8 | J19: =IF(rekap!L18=5,0.1,IF(rekap!L18=3,0.3,IF(rekap!L18=1,0.5,0.7))) -> 0.1 | K19: =IF(rekap!M18=5,0.8,IF(rekap!M18=3,0.6,IF(rekap!M18=1,0.4,0.2))) -> 0.8 | L19: =IF(rekap!M18=5,0.1,IF(rekap!M18=3,0.3,IF(rekap!M18=1,0.5,0.7))) -> 0.1 | M19: =IF(rekap!N18=5,0.8,IF(rekap!N18=3,0.6,IF(rekap!N18=1,0.4,0.2))) -> 0.4 | N19: =IF(rekap!N18=5,0.1,IF(rekap!N18=3,0.3,IF(rekap!N18=1,0.5,0.7))) -> 0.5
A20: 7. Kondisi Proteksi Kebakaran | B20: a. Ketidaktersediaan Prasarana Proteksi Kebakaran | C20: =IF(rekap!I19=5,0.8,IF(rekap!I19=3,0.6,IF(rekap!I19=1,0.4,0.2))) -> 0.4 | D20: =IF(rekap!I19=5,0.1,IF(rekap!I19=3,0.3,IF(rekap!I19=1,0.5,0.7))) -> 0.5 | E20: =IF(rekap!J19=5,0.8,IF(rekap!J19=3,0.6,IF(rekap!J19=1,0.4,0.2))) -> 0.6 | F20: =IF(rekap!J19=5,0.1,IF(rekap!J19=3,0.3,IF(rekap!J19=1,0.5,0.7))) -> 0.3 | G20: =IF(rekap!K19=5,0.8,IF(rekap!K19=3,0.6,IF(rekap!K19=1,0.4,0.2))) -> 0.8 | H20: =IF(rekap!K19=5,0.1,IF(rekap!K19=3,0.3,IF(rekap!K19=1,0.5,0.7))) -> 0.1 | I20: =IF(rekap!L19=5,0.8,IF(rekap!L19=3,0.6,IF(rekap!L19=1,0.4,0.2))) -> 0.8 | J20: =IF(rekap!L19=5,0.1,IF(rekap!L19=3,0.3,IF(rekap!L19=1,0.5,0.7))) -> 0.1 | K20: =IF(rekap!M19=5,0.8,IF(rekap!M19=3,0.6,IF(rekap!M19=1,0.4,0.2))) -> 0.6 | L20: =IF(rekap!M19=5,0.1,IF(rekap!M19=3,0.3,IF(rekap!M19=1,0.5,0.7))) -> 0.3 | M20: =IF(rekap!N19=5,0.8,IF(rekap!N19=3,0.6,IF(rekap!N19=1,0.4,0.2))) -> 0.6 | N20: =IF(rekap!N19=5,0.1,IF(rekap!N19=3,0.3,IF(rekap!N19=1,0.5,0.7))) -> 0.3
B21: b. Ketidaktersediaan Sarana Proteksi Kebakaran | C21: =IF(rekap!I20=5,0.8,IF(rekap!I20=3,0.6,IF(rekap!I20=1,0.4,0.2))) -> 0.8 | D21: =IF(rekap!I20=5,0.1,IF(rekap!I20=3,0.3,IF(rekap!I20=1,0.5,0.7))) -> 0.1 | E21: =IF(rekap!J20=5,0.8,IF(rekap!J20=3,0.6,IF(rekap!J20=1,0.4,0.2))) -> 0.8 | F21: =IF(rekap!J20=5,0.1,IF(rekap!J20=3,0.3,IF(rekap!J20=1,0.5,0.7))) -> 0.1 | G21: =IF(rekap!K20=5,0.8,IF(rekap!K20=3,0.6,IF(rekap!K20=1,0.4,0.2))) -> 0.8 | H21: =IF(rekap!K20=5,0.1,IF(rekap!K20=3,0.3,IF(rekap!K20=1,0.5,0.7))) -> 0.1 | I21: =IF(rekap!L20=5,0.8,IF(rekap!L20=3,0.6,IF(rekap!L20=1,0.4,0.2))) -> 0.8 | J21: =IF(rekap!L20=5,0.1,IF(rekap!L20=3,0.3,IF(rekap!L20=1,0.5,0.7))) -> 0.1 | K21: =IF(rekap!M20=5,0.8,IF(rekap!M20=3,0.6,IF(rekap!M20=1,0.4,0.2))) -> 0.8 | L21: =IF(rekap!M20=5,0.1,IF(rekap!M20=3,0.3,IF(rekap!M20=1,0.5,0.7))) -> 0.1 | M21: =IF(rekap!N20=5,0.8,IF(rekap!N20=3,0.6,IF(rekap!N20=1,0.4,0.2))) -> 0.8 | N21: =IF(rekap!N20=5,0.1,IF(rekap!N20=3,0.3,IF(rekap!N20=1,0.5,0.7))) -> 0.1
C22: =SUM(C3:C21) -> 8.2 | E22: =SUM(E3:E21) -> 8.2 | G22: =SUM(G3:G21) -> 6.8 | I22: =SUM(I3:I21) -> 7 | K22: =SUM(K3:K21) -> 7.8 | M22: =SUM(M3:M21) -> 7.2 | N22: =SUM(N3:N21) -> 9.9

Sheet rekap M
A1: ASPEK | B1: KRITERIA | C1: M1 | E1: M2 | G1: M3 | I1: M4 | K1: M5 | M1: M6
C2: miu | D2: v | E2: miu | F2: v | G2: miu | H2: v | I2: miu | J2: v | K2: miu | L2: v | M2: miu | N2: v
A3: 1. KONDISI BANGUNAN GEDUNG | B3: a. Ketidakteraturan Bangunan | C3: =IF(rekap!C2=5,0.8,IF(rekap!C2=3,0.6,IF(rekap!C2=1,0.4,0.2))) -> 0.4 | D3: =IF(rekap!C2=5,0.1,IF(rekap!C2=3,0.3,IF(rekap!C2=1,0.5,0.7))) -> 0.5 | E3: =IF(rekap!D2=5,0.8,IF(rekap!D2=3,0.6,IF(rekap!D2=1,0.4,0.2))) -> 0.4 | F3: =IF(rekap!D2=5,0.1,IF(rekap!D2=3,0.3,IF(rekap!D2=1,0.5,0.7))) -> 0.5 | G3: =IF(rekap!E2=5,0.8,IF(rekap!E2=3,0.6,IF(rekap!E2=1,0.4,0.2))) -> 0.4 | H3: =IF(rekap!E2=5,0.1,IF(rekap!E2=3,0.3,IF(rekap!E2=1,0.5,0.7))) -> 0.5 | I3: =IF(rekap!F2=5,0.8,IF(rekap!F2=3,0.6,IF(rekap!F2=1,0.4,0.2))) -> 0.2 | J3: =IF(rekap!F2=5,0.1,IF(rekap!F2=3,0.3,IF(rekap!F2=1,0.5,0.7))) -> 0.7 | K3: =IF(rekap!G2=5,0.8,IF(rekap!G2=3,0.6,IF(rekap!G2=1,0.4,0.2))) -> 0.2 | L3: =IF(rekap!G2=5,0.1,IF(rekap!G2=3,0.3,IF(rekap!G2=1,0.5,0.7))) -> 0.7 | M3: =IF(rekap!H2=5,0.8,IF(rekap!H2=3,0.6,IF(rekap!H2=1,0.4,0.2))) -> 0.4 | N3: =IF(rekap!H2=5,0.1,IF(rekap!H2=3,0.3,IF(rekap!H2=1,0.5,0.7))) -> 0.5
B4: b. Kepadatan Bangunan | C4: =IF(rekap!C3=5,0.8,IF(rekap!C3=3,0.6,IF(rekap!C3=1,0.4,0.2))) -> 0.2 | D4: =IF(rekap!C3=5,0.1,IF(rekap!C3=3,0.3,IF(rekap!C3=1,0.5,0.7))) -> 0.7 | E4: =IF(rekap!D3=5,0.8,IF(rekap!D3=3,0.6,IF(rekap!D3=1,0.4,0.2))) -> 0.2 | F4: =IF(rekap!D3=5,0.1,IF(rekap!D3=3,0.3,IF(rekap!D3=1,0.5,0.7))) -> 0.7 | G4: =IF(rekap!E3=5,0.8,IF(rekap!E3=3,0.6,IF(rekap!E3=1,0.4,0.2))) -> 0.2 | H4: =IF(rekap!E3=5,0.1,IF(rekap!E3=3,0.3,IF(rekap!E3=1,0.5,0.7))) -> 0.7 | I4: =IF(rekap!F3=5,0.8,IF(rekap!F3=3,0.6,IF(rekap!F3=1,0.4,0.2))) -> 0.2 | J4: =IF(rekap!F3=5,0.1,IF(rekap!F3=3,0.3,IF(rekap!F3=1,0.5,0.7))) -> 0.7 | K4: =IF(rekap!G3=5,0.8,IF(rekap!G3=3,0.6,IF(rekap!G3=1,0.4,0.2))) -> 0.2 | L4: =IF(rekap!G3=5,0.1,IF(rekap!G3=3,0.3,IF(rekap!G3=1,0.5,0.7))) -> 0.7 | M4: =IF(rekap!H3=5,0.8,IF(rekap!H3=3,0.6,IF(rekap!H3=1,0.4,0.2))) -> 0.2 | N4: =IF(rekap!H3=5,0.1,IF(rekap!H3=3,0.3,IF(rekap!H3=1,0.5,0.7))) -> 0.7
B5: c. Ketidaksesuaian dengan Persy Teknis Bangunan | C5: =IF(rekap!C4=5,0.8,IF(rekap!C4=3,0.6,IF(rekap!C4=1,0.4,0.2))) -> 0.2 | D5: =IF(rekap!C4=5,0.1,IF(rekap!C4=3,0.3,IF(rekap!C4=1,0.5,0.7))) -> 0.7 | E5: =IF(rekap!D4=5,0.8,IF(rekap!D4=3,0.6,IF(rekap!D4=1,0.4,0.2))) -> 0.2 | F5: =IF(rekap!D4=5,0.1,IF(rekap!D4=3,0.3,IF(rekap!D4=1,0.5,0.7))) -> 0.7 | G5: =IF(rekap!E4=5,0.8,IF(rekap!E4=3,0.6,IF(rekap!E4=1,0.4,0.2))) -> 0.2 | H5: =IF(rekap!E4=5,0.1,IF(rekap!E4=3,0.3,IF(rekap!E4=1,0.5,0.7))) -> 0.7 | I5: =IF(rekap!F4=5,0.8,IF(rekap!F4=3,0.6,IF(rekap!F4=1,0.4,0.2))) -> 0.2 | J5: =IF(rekap!F4=5,0.1,IF(rekap!F4=3,0.3,IF(rekap!F4=1,0.5,0.7))) -> 0.7 | K5: =IF(rekap!G4=5,0.8,IF(rekap!G4=3,0.6,IF(rekap!G4=1,0.4,0.2))) -> 0.2 | L5: =IF(rekap!G4=5,0.1,IF(rekap!G4=3,0.3,IF(rekap!G4=1,0.5,0.7))) -> 0.7 | M5: =IF(rekap!H4=5,0.8,IF(rekap!H4=3,0.6,IF(rekap!H4=1,0.4,0.2))) -> 0.2 | N5: =IF(rekap!H4=5,0.1,IF(rekap!H4=3,0.3,IF(rekap!H4=1,0.5,0.7))) -> 0.7
A6: 2. Kondisi Jalan Lingkungan | B6: a. Cakupan Pelayanan Jalan Lingkungan | C6: =IF(rekap!C5=5,0.8,IF(rekap!C5=3,0.6,IF(rekap!C5=1,0.4,0.2))) -> 0.2 | D6: =IF(rekap!C5=5,0.1,IF(rekap!C5=3,0.3,IF(rekap!C5=1,0.5,0.7))) -> 0.7 | E6: =IF(rekap!D5=5,0.8,IF(rekap!D5=3,0.6,IF(rekap!D5=1,0.4,0.2))) -> 0.2 | F6: =IF(rekap!D5=5,0.1,IF(rekap!D5=3,0.3,IF(rekap!D5=1,0.5,0.7))) -> 0.7 | G6: =IF(rekap!E5=5,0.8,IF(rekap!E5=3,0.6,IF(rekap!E5=1,0.4,0.2))) -> 0.2 | H6: =IF(rekap!E5=5,0.1,IF(rekap!E5=3,0.3,IF(rekap!E5=1,0.5,0.7))) -> 0.7 | I6: =IF(rekap!F5=5,0.8,IF(rekap!F5=3,0.6,IF(rekap!F5=1,0.4,0.2))) -> 0.2 | J6: =IF(rekap!F5=5,0.1,IF(rekap!F5=3,0.3,IF(rekap!F5=1,0.5,0.7))) -> 0.7 | K6: =IF(rekap!G5=5,0.8,IF(rekap!G5=3,0.6,IF(rekap!G5=1,0.4,0.2))) -> 0.2 | L6: =IF(rekap!G5=5,0.1,IF(rekap!G5=3,0.3,IF(rekap!G5=1,0.5,0.7))) -> 0.7 | M6: =IF(rekap!H5=5,0.8,IF(rekap!H5=3,0.6,IF(rekap!H5=1,0.4,0.2))) -> 0.2 | N6: =IF(rekap!H5=5,0.1,IF(rekap!H5=3,0.3,IF(rekap!H5=1,0.5,0.7))) -> 0.7
B7: b. Kualitas Permukaan Jalan lingkungan | C7: =IF(rekap!C6=5,0.8,IF(rekap!C6=3,0.6,IF(rekap!C6=1,0.4,0.2))) -> 0.2 | D7: =IF(rekap!C6=5,0.1,IF(rekap!C6=3,0.3,IF(rekap!C6=1,0.5,0.7))) -> 0.7 | E7: =IF(rekap!D6=5,0.8,IF(rekap!D6=3,0.6,IF(rekap!D6=1,0.4,0.2))) -> 0.2 | F7: =IF(rekap!D6=5,0.1,IF(rekap!D6=3,0.3,IF(rekap!D6=1,0.5,0.7))) -> 0.7 | G7: =IF(rekap!E6=5,0.8,IF(rekap!E6=3,0.6,IF(rekap!E6=1,0.4,0.2))) -> 0.2 | H7: =IF(rekap!E6=5,0.1,IF(rekap!E6=3,0.3,IF(rekap!E6=1,0.5,0.7))) -> 0.7 | I7: =IF(rekap!F6=5,0.8,IF(rekap!F6=3,0.6,IF(rekap!F6=1,0.4,0.2))) -> 0.2 | J7: =IF(rekap!F6=5,0.1,IF(rekap!F6=3,0.3,IF(rekap!F6=1,0.5,0.7))) -> 0.7 | K7: =IF(rekap!G6=5,0.8,IF(rekap!G6=3,0.6,IF(rekap!G6=1,0.4,0.2))) -> 0.2 | L7: =IF(rekap!G6=5,0.1,IF(rekap!G6=3,0.3,IF(rekap!G6=1,0.5,0.7))) -> 0.7 | M7: =IF(rekap!H6=5,0.8,IF(rekap!H6=3,0.6,IF(rekap!H6=1,0.4,0.2))) -> 0.2 | N7: =IF(rekap!H6=5,0.1,IF(rekap!H6=3,0.3,IF(rekap!H6=1,0.5,0.7))) -> 0.7
A8: 3. Kondisi Penyediaan Air Minum | B8: a. Ketersediaan Akses Aman Air Minum | C8: =IF(rekap!C7=5,0.8,IF(rekap!C7=3,0.6,IF(rekap!C7=1,0.4,0.2))) -> 0.4 | D8: =IF(rekap!C7=5,0.1,IF(rekap!C7=3,0.3,IF(rekap!C7=1,0.5,0.7))) -> 0.5 | E8: =IF(rekap!D7=5,0.8,IF(rekap!D7=3,0.6,IF(rekap!D7=1,0.4,0.2))) -> 0.2 | F8: =IF(rekap!D7=5,0.1,IF(rekap!D7=3,0.3,IF(rekap!D7=1,0.5,0.7))) -> 0.7 | G8: =IF(rekap!E7=5,0.8,IF(rekap!E7=3,0.6,IF(rekap!E7=1,0.4,0.2))) -> 0.2 | H8: =IF(rekap!E7=5,0.1,IF(rekap!E7=3,0.3,IF(rekap!E7=1,0.5,0.7))) -> 0.7 | I8: =IF(rekap!F7=5,0.8,IF(rekap!F7=3,0.6,IF(rekap!F7=1,0.4,0.2))) -> 0.2 | J8: =IF(rekap!F7=5,0.1,IF(rekap!F7=3,0.3,IF(rekap!F7=1,0.5,0.7))) -> 0.7 | K8: =IF(rekap!G7=5,0.8,IF(rekap!G7=3,0.6,IF(rekap!G7=1,0.4,0.2))) -> 0.6 | L8: =IF(rekap!G7=5,0.1,IF(rekap!G7=3,0.3,IF(rekap!G7=1,0.5,0.7))) -> 0.3 | M8: =IF(rekap!H7=5,0.8,IF(rekap!H7=3,0.6,IF(rekap!H7=1,0.4,0.2))) -> 0.2 | N8: =IF(rekap!H7=5,0.1,IF(rekap!H7=3,0.3,IF(rekap!H7=1,0.5,0.7))) -> 0.7
B9: b. Tidak terpenuhinya Kebutuhan Air Minum | C9: =IF(rekap!C8=5,0.8,IF(rekap!C8=3,0.6,IF(rekap!C8=1,0.4,0.2))) -> 0.2 | D9: =IF(rekap!C8=5,0.1,IF(rekap!C8=3,0.3,IF(rekap!C8=1,0.5,0.7))) -> 0.7 | E9: =IF(rekap!D8=5,0.8,IF(rekap!D8=3,0.6,IF(rekap!D8=1,0.4,0.2))) -> 0.2 | F9: =IF(rekap!D8=5,0.1,IF(rekap!D8=3,0.3,IF(rekap!D8=1,0.5,0.7))) -> 0.7 | G9: =IF(rekap!E8=5,0.8,IF(rekap!E8=3,0.6,IF(rekap!E8=1,0.4,0.2))) -> 0.2 | H9: =IF(rekap!E8=5,0.1,IF(rekap!E8=3,0.3,IF(rekap!E8=1,0.5,0.7))) -> 0.7 | I9: =IF(rekap!F8=5,0.8,IF(rekap!F8=3,0.6,IF(rekap!F8=1,0.4,0.2))) -> 0.2 | J9: =IF(rekap!F8=5,0.1,IF(rekap!F8=3,0.3,IF(rekap!F8=1,0.5,0.7))) -> 0.7 | K9: =IF(rekap!G8=5,0.8,IF(rekap!G8=3,0.6,IF(rekap!G8=1,0.4,0.2))) -> 0.2 | L9: =IF(rekap!G8=5,0.1,IF(rekap!G8=3,0.3,IF(rekap!G8=1,0.5,0.7))) -> 0.7 | M9: =IF(rekap!H8=5,0.8,IF(rekap!H8=3,0.6,IF(rekap!H8=1,0.4,0.2))) -> 0.2 | N9: =IF(rekap!H8=5,0.1,IF(rekap!H8=3,0.3,IF(rekap!H8=1,0.5,0.7))) -> 0.7
A10: 4. Kondisi Drainase Lingkungan | B10: a. Ketidakmampuan Mengalirkan Limpasan Air | C10: =IF(rekap!C9=5,0.8,IF(rekap!C9=3,0.6,IF(rekap!C9=1,0.4,0.2))) -> 0.2 | D10: =IF(rekap!C9=5,0.1,IF(rekap!C9=3,0.3,IF(rekap!C9=1,0.5,0.7))) -> 0.7 | E10: =IF(rekap!D9=5,0.8,IF(rekap!D9=3,0.6,IF(rekap!D9=1,0.4,0.2))) -> 0.2 | F10: =IF(rekap!D9=5,0.1,IF(rekap!D9=3,0.3,IF(rekap!D9=1,0.5,0.7))) -> 0.7 | G10: =IF(rekap!E9=5,0.8,IF(rekap!E9=3,0.6,IF(rekap!E9=1,0.4,0.2))) -> 0.2 | H10: =IF(rekap!E9=5,0.1,IF(rekap!E9=3,0.3,IF(rekap!E9=1,0.5,0.7))) -> 0.7 | I10: =IF(rekap!F9=5,0.8,IF(rekap!F9=3,0.6,IF(rekap!F9=1,0.4,0.2))) -> 0.2 | J10: =IF(rekap!F9=5,0.1,IF(rekap!F9=3,0.3,IF(rekap!F9=1,0.5,0.7))) -> 0.7 | K10: =IF(rekap!G9=5,0.8,IF(rekap!G9=3,0.6,IF(rekap!G9=1,0.4,0.2))) -> 0.2 | L10: =IF(rekap!G9=5,0.1,IF(rekap!G9=3,0.3,IF(rekap!G9=1,0.5,0.7))) -> 0.7 | M10: =IF(rekap!H9=5,0.8,IF(rekap!H9=3,0.6,IF(rekap!H9=1,0.4,0.2))) -> 0.2 | N10: =IF(rekap!H9=5,0.1,IF(rekap!H9=3,0.3,IF(rekap!H9=1,0.5,0.7))) -> 0.7
B11: b. Ketidaktersediaan Drainase | C11: =IF(rekap!C10=5,0.8,IF(rekap!C10=3,0.6,IF(rekap!C10=1,0.4,0.2))) -> 0.4 | D11: =IF(rekap!C10=5,0.1,IF(rekap!C10=3,0.3,IF(rekap!C10=1,0.5,0.7))) -> 0.5 | E11: =IF(rekap!D10=5,0.8,IF(rekap!D10=3,0.6,IF(rekap!D10=1,0.4,0.2))) -> 0.2 | F11: =IF(rekap!D10=5,0.1,IF(rekap!D10=3,0.3,IF(rekap!D10=1,0.5,0.7))) -> 0.7 | G11: =IF(rekap!E10=5,0.8,IF(rekap!E10=3,0.6,IF(rekap!E10=1,0.4,0.2))) -> 0.2 | H11: =IF(rekap!E10=5,0.1,IF(rekap!E10=3,0.3,IF(rekap!E10=1,0.5,0.7))) -> 0.7 | I11: =IF(rekap!F10=5,0.8,IF(rekap!F10=3,0.6,IF(rekap!F10=1,0.4,0.2))) -> 0.2 | J11: =IF(rekap!F10=5,0.1,IF(rekap!F10=3,0.3,IF(rekap!F10=1,0.5,0.7))) -> 0.7 | K11: =IF(rekap!G10=5,0.8,IF(rekap!G10=3,0.6,IF(rekap!G10=1,0.4,0.2))) -> 0.2 | L11: =IF(rekap!G10=5,0.1,IF(rekap!G10=3,0.3,IF(rekap!G10=1,0.5,0.7))) -> 0.7 | M11: =IF(rekap!H10=5,0.8,IF(rekap!H10=3,0.6,IF(rekap!H10=1,0.4,0.2))) -> 0.2 | N11: =IF(rekap!H10=5,0.1,IF(rekap!H10=3,0.3,IF(rekap!H10=1,0.5,0.7))) -> 0.7
B12: c. Ketidakterhubungan dgn Sistem Drainase Kota | C12: =IF(rekap!C11=5,0.8,IF(rekap!C11=3,0.6,IF(rekap!C11=1,0.4,0.2))) -> 0.2 | D12: =IF(rekap!C11=5,0.1,IF(rekap!C11=3,0.3,IF(rekap!C11=1,0.5,0.7))) -> 0.7 | E12: =IF(rekap!D11=5,0.8,IF(rekap!D11=3,0.6,IF(rekap!D11=1,0.4,0.2))) -> 0.2 | F12: =IF(rekap!D11=5,0.1,IF(rekap!D11=3,0.3,IF(rekap!D11=1,0.5,0.7))) -> 0.7 | G12: =IF(rekap!E11=5,0.8,IF(rekap!E11=3,0.6,IF(rekap!E11=1,0.4,0.2))) -> 0.2 | H12: =IF(rekap!E11=5,0.1,IF(rekap!E11=3,0.3,IF(rekap!E11=1,0.5,0.7))) -> 0.7 | I12: =IF(rekap!F11=5,0.8,IF(rekap!F11=3,0.6,IF(rekap!F11=1,0.4,0.2))) -> 0.2 | J12: =IF(rekap!F11=5,0.1,IF(rekap!F11=3,0.3,IF(rekap!F11=1,0.5,0.7))) -> 0.7 | K12: =IF(rekap!G11=5,0.8,IF(rekap!G11=3,0.6,IF(rekap!G11=1,0.4,0.2))) -> 0.2 | L12: =IF(rekap!G11=5,0.1,IF(rekap!G11=3,0.3,IF(rekap!G11=1,0.5,0.7))) -> 0.7 | M12: =IF(rekap!H11=5,0.8,IF(rekap!H11=3,0.6,IF(rekap!H11=1,0.4,0.2))) -> 0.2 | N12: =IF(rekap!H11=5,0.1,IF(rekap!H11=3,0.3,IF(rekap!H11=1,0.5,0.7))) -> 0.7
B13: d. Tidak terpeliharanya Drainase | C13: =IF(rekap!C12=5,0.8,IF(rekap!C12=3,0.6,IF(rekap!C12=1,0.4,0.2))) -> 0.4 | D13: =IF(rekap!C12=5,0.1,IF(rekap!C12=3,0.3,IF(rekap!C12=1,0.5,0.7))) -> 0.5 | E13: =IF(rekap!D12=5,0.8,IF(rekap!D12=3,0.6,IF(rekap!D12=1,0.4,0.2))) -> 0.4 | F13: =IF(rekap!D12=5,0.1,IF(rekap!D12=3,0.3,IF(rekap!D12=1,0.5,0.7))) -> 0.5 | G13: =IF(rekap!E12=5,0.8,IF(rekap!E12=3,0.6,IF(rekap!E12=1,0.4,0.2))) -> 0.6 | H13: =IF(rekap!E12=5,0.1,IF(rekap!E12=3,0.3,IF(rekap!E12=1,0.5,0.7))) -> 0.3 | I13: =IF(rekap!F12=5,0.8,IF(rekap!F12=3,0.6,IF(rekap!F12=1,0.4,0.2))) -> 0.8 | J13: =IF(rekap!F12=5,0.1,IF(rekap!F12=3,0.3,IF(rekap!F12=1,0.5,0.7))) -> 0.1 | K13: =IF(rekap!G12=5,0.8,IF(rekap!G12=3,0.6,IF(rekap!G12=1,0.4,0.2))) -> 0.8 | L13: =IF(rekap!G12=5,0.1,IF(rekap!G12=3,0.3,IF(rekap!G12=1,0.5,0.7))) -> 0.1 | M13: =IF(rekap!H12=5,0.8,IF(rekap!H12=3,0.6,IF(rekap!H12=1,0.4,0.2))) -> 0.6 | N13: =IF(rekap!H12=5,0.1,IF(rekap!H12=3,0.3,IF(rekap!H12=1,0.5,0.7))) -> 0.3
B14: e. Kualitas Konstruksi Drainase | C14: =IF(rekap!C13=5,0.8,IF(rekap!C13=3,0.6,IF(rekap!C13=1,0.4,0.2))) -> 0.2 | D14: =IF(rekap!C13=5,0.1,IF(rekap!C13=3,0.3,IF(rekap!C13=1,0.5,0.7))) -> 0.7 | E14: =IF(rekap!D13=5,0.8,IF(rekap!D13=3,0.6,IF(rekap!D13=1,0.4,0.2))) -> 0.2 | F14: =IF(rekap!D13=5,0.1,IF(rekap!D13=3,0.3,IF(rekap!D13=1,0.5,0.7))) -> 0.7 | G14: =IF(rekap!E13=5,0.8,IF(rekap!E13=3,0.6,IF(rekap!E13=1,0.4,0.2))) -> 0.4 | H14: =IF(rekap!E13=5,0.1,IF(rekap!E13=3,0.3,IF(rekap!E13=1,0.5,0.7))) -> 0.5 | I14: =IF(rekap!F13=5,0.8,IF(rekap!F13=3,0.6,IF(rekap!F13=1,0.4,0.2))) -> 0.2 | J14: =IF(rekap!F13=5,0.1,IF(rekap!F13=3,0.3,IF(rekap!F13=1,0.5,0.7))) -> 0.7 | K14: =IF(rekap!G13=5,0.8,IF(rekap!G13=3,0.6,IF(rekap!G13=1,0.4,0.2))) -> 0.2 | L14: =IF(rekap!G13=5,0.1,IF(rekap!G13=3,0.3,IF(rekap!G13=1,0.5,0.7))) -> 0.7 | M14: =IF(rekap!H13=5,0.8,IF(rekap!H13=3,0.6,IF(rekap!H13=1,0.4,0.2))) -> 0.2 | N14: =IF(rekap!H13=5,0.1,IF(rekap!H13=3,0.3,IF(rekap!H13=1,0.5,0.7))) -> 0.7
A15: 5. Kondisi Pengelolaan Air Limbah | B15: a. Sistem Pengelolaan Air Limbah Tidak Sesuai Standar Teknis | C15: =IF(rekap!C14=5,0.8,IF(rekap!C14=3,0.6,IF(rekap!C14=1,0.4,0.2))) -> 0.2 | D15: =IF(rekap!C14=5,0.1,IF(rekap!C14=3,0.3,IF(rekap!C14=1,0.5,0.7))) -> 0.7 | E15: =IF(rekap!D14=5,0.8,IF(rekap!D14=3,0.6,IF(rekap!D14=1,0.4,0.2))) -> 0.2 | F15: =IF(rekap!D14=5,0.1,IF(rekap!D14=3,0.3,IF(rekap!D14=1,0.5,0.7))) -> 0.7 | G15: =IF(rekap!E14=5,0.8,IF(rekap!E14=3,0.6,IF(rekap!E14=1,0.4,0.2))) -> 0.2 | H15: =IF(rekap!E14=5,0.1,IF(rekap!E14=3,0.3,IF(rekap!E14=1,0.5,0.7))) -> 0.7 | I15: =IF(rekap!F14=5,0.8,IF(rekap!F14=3,0.6,IF(rekap!F14=1,0.4,0.2))) -> 0.2 | J15: =IF(rekap!F14=5,0.1,IF(rekap!F14=3,0.3,IF(rekap!F14=1,0.5,0.7))) -> 0.7 | K15: =IF(rekap!G14=5,0.8,IF(rekap!G14=3,0.6,IF(rekap!G14=1,0.4,0.2))) -> 0.2 | L15: =IF(rekap!G14=5,0.1,IF(rekap!G14=3,0.3,IF(rekap!G14=1,0.5,0.7))) -> 0.7 | M15: =IF(rekap!H14=5,0.8,IF(rekap!H14=3,0.6,IF(rekap!H14=1,0.4,0.2))) -> 0.2 | N15: =IF(rekap!H14=5,0.1,IF(rekap!H14=3,0.3,IF(rekap!H14=1,0.5,0.7))) -> 0.7
B16: b. Prasarana dan Sarana Pengelolaan Air Limbah Tidak Sesuai dengan Persyaratan Teknis | C16: =IF(rekap!C15=5,0.8,IF(rekap!C15=3,0.6,IF(rekap!C15=1,0.4,0.2))) -> 0.2 | D16: =IF(rekap!C15=5,0.1,IF(rekap!C15=3,0.3,IF(rekap!C15=1,0.5,0.7))) -> 0.7 | E16: =IF(rekap!D15=5,0.8,IF(rekap!D15=3,0.6,IF(rekap!D15=1,0.4,0.2))) -> 0.2 | F16: =IF(rekap!D15=5,0.1,IF(rekap!D15=3,0.3,IF(rekap!D15=1,0.5,0.7))) -> 0.7 | G16: =IF(rekap!E15=5,0.8,IF(rekap!E15=3,0.6,IF(rekap!E15=1,0.4,0.2))) -> 0.2 | H16: =IF(rekap!E15=5,0.1,IF(rekap!E15=3,0.3,IF(rekap!E15=1,0.5,0.7))) -> 0.7 | I16: =IF(rekap!F15=5,0.8,IF(rekap!F15=3,0.6,IF(rekap!F15=1,0.4,0.2))) -> 0.2 | J16: =IF(rekap!F15=5,0.1,IF(rekap!F15=3,0.3,IF(rekap!F15=1,0.5,0.7))) -> 0.7 | K16: =IF(rekap!G15=5,0.8,IF(rekap!G15=3,0.6,IF(rekap!G15=1,0.4,0.2))) -> 0.2 | L16: =IF(rekap!G15=5,0.1,IF(rekap!G15=3,0.3,IF(rekap!G15=1,0.5,0.7))) -> 0.7 | M16: =IF(rekap!H15=5,0.8,IF(rekap!H15=3,0.6,IF(rekap!H15=1,0.4,0.2))) -> 0.2 | N16: =IF(rekap!H15=5,0.1,IF(rekap!H15=3,0.3,IF(rekap!H15=1,0.5,0.7))) -> 0.7
A17: 6. Kondisi Pengelolaan Persampahan | B17: a. Prasarana dan Sarana Persampahan Tidak Sesuai dengan persyaratan Teknis | C17: =IF(rekap!C16=5,0.8,IF(rekap!C16=3,0.6,IF(rekap!C16=1,0.4,0.2))) -> 0.4 | D17: =IF(rekap!C16=5,0.1,IF(rekap!C16=3,0.3,IF(rekap!C16=1,0.5,0.7))) -> 0.5 | E17: =IF(rekap!D16=5,0.8,IF(rekap!D16=3,0.6,IF(rekap!D16=1,0.4,0.2))) -> 0.8 | F17: =IF(rekap!D16=5,0.1,IF(rekap!D16=3,0.3,IF(rekap!D16=1,0.5,0.7))) -> 0.1 | G17: =IF(rekap!E16=5,0.8,IF(rekap!E16=3,0.6,IF(rekap!E16=1,0.4,0.2))) -> 0.4 | H17: =IF(rekap!E16=5,0.1,IF(rekap!E16=3,0.3,IF(rekap!E16=1,0.5,0.7))) -> 0.5 | I17: =IF(rekap!F16=5,0.8,IF(rekap!F16=3,0.6,IF(rekap!F16=1,0.4,0.2))) -> 0.6 | J17: =IF(rekap!F16=5,0.1,IF(rekap!F16=3,0.3,IF(rekap!F16=1,0.5,0.7))) -> 0.3 | K17: =IF(rekap!G16=5,0.8,IF(rekap!G16=3,0.6,IF(rekap!G16=1,0.4,0.2))) -> 0.2 | L17: =IF(rekap!G16=5,0.1,IF(rekap!G16=3,0.3,IF(rekap!G16=1,0.5,0.7))) -> 0.7 | M17: =IF(rekap!H16=5,0.8,IF(rekap!H16=3,0.6,IF(rekap!H16=1,0.4,0.2))) -> 0.6 | N17: =IF(rekap!H16=5,0.1,IF(rekap!H16=3,0.3,IF(rekap!H16=1,0.5,0.7))) -> 0.3
B18: b. Sistem Pengelolaan Persampahan yang tidak sesuai Standar Teknis | C18: =IF(rekap!C17=5,0.8,IF(rekap!C17=3,0.6,IF(rekap!C17=1,0.4,0.2))) -> 0.2 | D18: =IF(rekap!C17=5,0.1,IF(rekap!C17=3,0.3,IF(rekap!C17=1,0.5,0.7))) -> 0.7 | E18: =IF(rekap!D17=5,0.8,IF(rekap!D17=3,0.6,IF(rekap!D17=1,0.4,0.2))) -> 0.6 | F18: =IF(rekap!D17=5,0.1,IF(rekap!D17=3,0.3,IF(rekap!D17=1,0.5,0.7))) -> 0.3 | G18: =IF(rekap!E17=5,0.8,IF(rekap!E17=3,0.6,IF(rekap!E17=1,0.4,0.2))) -> 0.6 | H18: =IF(rekap!E17=5,0.1,IF(rekap!E17=3,0.3,IF(rekap!E17=1,0.5,0.7))) -> 0.3 | I18: =IF(rekap!F17=5,0.8,IF(rekap!F17=3,0.6,IF(rekap!F17=1,0.4,0.2))) -> 0.2 | J18: =IF(rekap!F17=5,0.1,IF(rekap!F17=3,0.3,IF(rekap!F17=1,0.5,0.7))) -> 0.7 | K18: =IF(rekap!G17=5,0.8,IF(rekap!G17=3,0.6,IF(rekap!G17=1,0.4,0.2))) -> 0.2 | L18: =IF(rekap!G17=5,0.1,IF(rekap!G17=3,0.3,IF(rekap!G17=1,0.5,0.7))) -> 0.7 | M18: =IF(rekap!H17=5,0.8,IF(rekap!H17=3,0.6,IF(rekap!H17=1,0.4,0.2))) -> 0.6 | N18: =IF(rekap!H17=5,0.1,IF(rekap!H17=3,0.3,IF(rekap!H17=1,0.5,0.7))) -> 0.3
B19: c. Tidakterpeliharanya Sarana dan Prasarana Pengelolaan Persampahan | C19: =IF(rekap!C18=5,0.8,IF(rekap!C18=3,0.6,IF(rekap!C18=1,0.4,0.2))) -> 0.8 | D19: =IF(rekap!C18=5,0.1,IF(rekap!C18=3,0.3,IF(rekap!C18=1,0.5,0.7))) -> 0.1 | E19: =IF(rekap!D18=5,0.8,IF(rekap!D18=3,0.6,IF(rekap!D18=1,0.4,0.2))) -> 0.8 | F19: =IF(rekap!D18=5,0.1,IF(rekap!D18=3,0.3,IF(rekap!D18=1,0.5,0.7))) -> 0.1 | G19: =IF(rekap!E18=5,0.8,IF(rekap!E18=3,0.6,IF(rekap!E18=1,0.4,0.2))) -> 0.4 | H19: =IF(rekap!E18=5,0.1,IF(rekap!E18=3,0.3,IF(rekap!E18=1,0.5,0.7))) -> 0.5 | I19: =IF(rekap!F18=5,0.8,IF(rekap!F18=3,0.6,IF(rekap!F18=1,0.4,0.2))) -> 0.4 | J19: =IF(rekap!F18=5,0.1,IF(rekap!F18=3,0.3,IF(rekap!F18=1,0.5,0.7))) -> 0.5 | K19: =IF(rekap!G18=5,0.8,IF(rekap!G18=3,0.6,IF(rekap!G18=1,0.4,0.2))) -> 0.2 | L19: =IF(rekap!G18=5,0.1,IF(rekap!G18=3,0.3,IF(rekap!G18=1,0.5,0.7))) -> 0.7 | M19: =IF(rekap!H18=5,0.8,IF(rekap!H18=3,0.6,IF(rekap!H18=1,0.4,0.2))) -> 0.4 | N19: =IF(rekap!H18=5,0.1,IF(rekap!H18=3,0.3,IF(rekap!H18=1,0.5,0.7))) -> 0.5
A20: 7. Kondisi Proteksi Kebakaran | B20: a. Ketidaktersediaan Prasarana Proteksi Kebakaran | C20: =IF(rekap!C19=5,0.8,IF(rekap!C19=3,0.6,IF(rekap!C19=1,0.4,0.2))) -> 0.2 | D20: =IF(rekap!C19=5,0.1,IF(rekap!C19=3,0.3,IF(rekap!C19=1,0.5,0.7))) -> 0.7 | E20: =IF(rekap!D19=5,0.8,IF(rekap!D19=3,0.6,IF(rekap!D19=1,0.4,0.2))) -> 0.2 | F20: =IF(rekap!D19=5,0.1,IF(rekap!D19=3,0.3,IF(rekap!D19=1,0.5,0.7))) -> 0.7 | G20: =IF(rekap!E19=5,0.8,IF(rekap!E19=3,0.6,IF(rekap!E19=1,0.4,0.2))) -> 0.2 | H20: =IF(rekap!E19=5,0.1,IF(rekap!E19=3,0.3,IF(rekap!E19=1,0.5,0.7))) -> 0.7 | I20: =IF(rekap!F19=5,0.8,IF(rekap!F19=3,0.6,IF(rekap!F19=1,0.4,0.2))) -> 0.2 | J20: =IF(rekap!F19=5,0.1,IF(rekap!F19=3,0.3,IF(rekap!F19=1,0.5,0.7))) -> 0.7 | K20: =IF(rekap!G19=5,0.8,IF(rekap!G19=3,0.6,IF(rekap!G19=1,0.4,0.2))) -> 0.2 | L20: =IF(rekap!G19=5,0.1,IF(rekap!G19=3,0.3,IF(rekap!G19=1,0.5,0.7))) -> 0.7 | M20: =IF(rekap!H19=5,0.8,IF(rekap!H19=3,0.6,IF(rekap!H19=1,0.4,0.2))) -> 0.2 | N20: =IF(rekap!H19=5,0.1,IF(rekap!H19=3,0.3,IF(rekap!H19=1,0.5,0.7))) -> 0.7
B21: b. Ketidaktersediaan Sarana Proteksi Kebakaran | C21: =IF(rekap!C20=5,0.8,IF(rekap!C20=3,0.6,IF(rekap!C20=1,0.4,0.2))) -> 0.6 | D21: =IF(rekap!C20=5,0.1,IF(rekap!C20=3,0.3,IF(rekap!C20=1,0.5,0.7))) -> 0.3 | E21: =IF(rekap!D20=5,0.8,IF(rekap!D20=3,0.6,IF(rekap!D20=1,0.4,0.2))) -> 0.8 | F21: =IF(rekap!D20=5,0.1,IF(rekap!D20=3,0.3,IF(rekap!D20=1,0.5,0.7))) -> 0.1 | G21: =IF(rekap!E20=5,0.8,IF(rekap!E20=3,0.6,IF(rekap!E20=1,0.4,0.2))) -> 0.2 | H21: =IF(rekap!E20=5,0.1,IF(rekap!E20=3,0.3,IF(rekap!E20=1,0.5,0.7))) -> 0.7 | I21: =IF(rekap!F20=5,0.8,IF(rekap!F20=3,0.6,IF(rekap!F20=1,0.4,0.2))) -> 0.8 | J21: =IF(rekap!F20=5,0.1,IF(rekap!F20=3,0.3,IF(rekap!F20=1,0.5,0.7))) -> 0.1 | K21: =IF(rekap!G20=5,0.8,IF(rekap!G20=3,0.6,IF(rekap!G20=1,0.4,0.2))) -> 0.2 | L21: =IF(rekap!G20=5,0.1,IF(rekap!G20=3,0.3,IF(rekap!G20=1,0.5,0.7))) -> 0.7 | M21: =IF(rekap!H20=5,0.8,IF(rekap!H20=3,0.6,IF(rekap!H20=1,0.4,0.2))) -> 0.8 | N21: =IF(rekap!H20=5,0.1,IF(rekap!H20=3,0.3,IF(rekap!H20=1,0.5,0.7))) -> 0.1
C22: =SUM(C3:C21) -> 5.8 | E22: =SUM(E3:E21) -> 6.4 | G22: =SUM(G3:G21) -> 5.4 | I22: =SUM(I3:I21) -> 5.6 | K22: =SUM(K3:K21) -> 4.8 | M22: =SUM(M3:M21) -> 6 | N22: =SUM(N3:N21) -> 11.1

Sheet rekap
A1: ASPEK | B1: KRITERIA | C1: M1 | D1: M2 | E1: M3 | F1: M4 | G1: M5 | H1: M6 | I1: B1 | J1: B2 | K1: B3 | L1: B4 | M1: B5 | N1: B6 | O1: MG1 | P1: MG2 | Q1: MG3 | R1: MG4 | S1: MG5 | T1: MG6
A2: 1. KONDISI BANGUNAN GEDUNG | B2: a. Ketidakteraturan Bangunan | C2: 1 | D2: 1 | E2: 1 | F2: 0 | G2: 0 | H2: 1 | I2: 1 | J2: 1 | K2: 0 | L2: 0 | M2: 0 | N2: 1 | O2: 0 | P2: 1 | Q2: 0 | R2: 0 | S2: 0 | T2: 1
B3: b. Kepadatan Bangunan | C3: 0 | D3: 0 | E3: 0 | F3: 0 | G3: 0 | H3: 0 | I3: 3 | J3: 5 | K3: 0 | L3: 0 | M3: 3 | N3: 5 | O3: 0 | P3: 5 | Q3: 0 | R3: 0 | S3: 3 | T3: 5
B4: c. Ketidaksesuaian dengan Persy Teknis Bangunan | C4: 0 | D4: 0 | E4: 0 | F4: 0 | G4: 0 | H4: 0 | I4: 0 | J4: 0 | K4: 0 | L4: 0 | M4: 0 | N4: 0 | O4: 0 | P4: 0 | Q4: 0 | R4: 0 | S4: 0 | T4: 0
A5: 2. Kondisi Jalan Lingkungan | B5: a. Cakupan Pelayanan Jalan Lingkungan | C5: 0 | D5: 0 | E5: 0 | F5: 0 | G5: 0 | H5: 0 | I5: 0 | J5: 0 | K5: 0 | L5: 0 | M5: 0 | N5: 0 | O5: 0 | P5: 0 | Q5: 0 | R5: 0 | S5: 0 | T5: 0
B6: b. Kualitas Permukaan Jalan lingkungan | C6: 0 | D6: 0 | E6: 0 | F6: 0 | G6: 0 | H6: 0 | I6: 1 | J6: 0 | K6: 0 | L6: 0 | M6: 0 | N6: 1 | O6: 0 | P6: 0 | Q6: 0 | R6: 0 | S6: 0 | T6: 1
A7: 3. Kondisi Penyediaan Air Minum | B7: a. Ketersediaan Akses Aman Air Minum | C7: 1 | D7: 0 | E7: 0 | F7: 0 | G7: 3 | H7: 0 | I7: 3 | J7: 0 | K7: 0 | L7: 0 | M7: 1 | N7: 0 | O7: 0 | P7: 0 | Q7: 0 | R7: 0 | S7: 1 | T7: 0
B8: b. Tidak terpenuhinya Kebutuhan Air Minum | C8: 0 | D8: 0 | E8: 0 | F8: 0 | G8: 0 | H8: 0 | I8: 0 | J8: 0 | K8: 0 | L8: 0 | M8: 0 | N8: 3 | O8: 0 | P8: 0 | Q8: 0 | R8: 0 | S8: 0 | T8: 3
A9: 4. Kondisi Drainase Lingkungan | B9: a. Ketidakmampuan Mengalirkan Limpasan Air | C9: 0 | D9: 0 | E9: 0 | F9: 0 | G9: 0 | H9: 0 | I9: 0 | J9: 5 | K9: 0 | L9: 0 | M9: 1 | N9: 0 | O9: 0 | P9: 5 | Q9: 0 | R9: 0 | S9: 1 | T9: 0
B10: b. Ketidaktersediaan Drainase | C10: 1 | D10: 0 | E10: 0 | F10: 0 | G10: 0 | H10: 0 | I10: 1 | J10: 0 | K10: 3 | L10: 0 | M10: 1 | N10: 1 | O10: 0 | P10: 0 | Q10: 3 | R10: 0 | S10: 1 | T10: 1
B11: c. Ketidakterhubungan dgn Sistem Drainase Kota | C11: 0 | D11: 0 | E11: 0 | F11: 0 | G11: 0 | H11: 0 | I11: 0 | J11: 0 | K11: 0 | L11: 0 | M11: 0 | N11: 0 | O11: 0 | P11: 0 | Q11: 0 | R11: 0 | S11: 0 | T11: 0
B12: d. Tidak terpeliharanya Drainase | C12: 1 | D12: 1 | E12: 3 | F12: 5 | G12: 5 | H12: 3 | I12: 3 | J12: 5 | K12: 1 | L12: 1 | M12: 3 | N12: 3 | O12: 3 | P12: 5 | Q12: 1 | R12: 1 | S12: 3 | T12: 3
B13: e. Kualitas Konstruksi Drainase | C13: 0 | D13: 0 | E13: 1 | F13: 0 | G13: 0 | H13: 0 | I13: 0 | J13: 0 | K13: 0 | L13: 0 | M13: 0 | N13: 0 | O13: 0 | P13: 0 | Q13: 0 | R13: 0 | S13: 0 | T13: 0
A14: 5. Kondisi Pengelolaan Air Limbah | B14: a. Sistem Pengelolaan Air Limbah Tidak Sesuai Standar Teknis | C14: 0 | D14: 0 | E14: 0 | F14: 0 | G14: 0 | H14: 0 | I14: 0 | J14: 0 | K14: 0 | L14: 0 | M14: 0 | N14: 0 | O14: 0 | P14: 0 | Q14: 0 | R14: 0 | S14: 0 | T14: 0
B15: b. Prasarana dan Sarana Pengelolaan Air Limbah Tidak Sesuai dengan Persyaratan Teknis | C15: 0 | D15: 0 | E15: 0 | F15: 0 | G15: 0 | H15: 0 | I15: 0 | J15: 0 | K15: 0 | L15: 0 | M15: 0 | N15: 0 | O15: 0 | P15: 0 | Q15: 0 | R15: 0 | S15: 0 | T15: 0
A16: 6. Kondisi Pengelolaan Persampahan | B16: a. Prasarana dan Sarana Persampahan Tidak Sesuai dengan persyaratan Teknis | C16: 1 | D16: 5 | E16: 1 | F16: 3 | G16: 0 | H16: 3 | I16: 5 | J16: 5 | K16: 5 | L16: 5 | M16: 5 | N16: 1 | O16: 5 | P16: 5 | Q16: 5 | R16: 5 | S16: 5 | T16: 1
B17: b. Sistem Pengelolaan Persampahan yang tidak sesuai Standar Teknis | C17: 0 | D17: 3 | E17: 3 | F17: 0 | G17: 0 | H17: 3 | I17: 5 | J17: 1 | K17: 0 | L17: 5 | M17: 3 | N17: 0 | O17: 5 | P17: 1 | Q17: 0 | R17: 5 | S17: 3 | T17: 0
B18: c. Tidakterpeliharanya Sarana dan Prasarana Pengelolaan Persampahan | C18: 5 | D18: 5 | E18: 1 | F18: 1 | G18: 0 | H18: 1 | I18: 5 | J18: 5 | K18: 5 | L18: 5 | M18: 5 | N18: 1 | O18: 5 | P18: 5 | Q18: 5 | R18: 5 | S18: 5 | T18: 1
A19: 7. Kondisi Proteksi Kebakaran | B19: a. Ketidaktersediaan Prasarana Proteksi Kebakaran | C19: 0 | D19: 0 | E19: 0 | F19: 0 | G19: 0 | H19: 0 | I19: 1 | J19: 3 | K19: 5 | L19: 5 | M19: 3 | N19: 3 | O19: 0 | P19: 3 | Q19: 5 | R19: 5 | S19: 3 | T19: 3
B20: b. Ketidaktersediaan Sarana Proteksi Kebakaran | C20: 3 | D20: 5 | E20: 0 | F20: 5 | G20: 0 | H20: 5 | I20: 5 | J20: 5 | K20: 5 | L20: 5 | M20: 5 | N20: 5 | O20: 5 | P20: 5 | Q20: 5 | R20: 5 | S20: 5 | T20: 5
C21: =SUM(C2:C20) -> 13 | D21: =SUM(D2:D20) -> 20 | E21: =SUM(E2:E20) -> 10 | F21: =SUM(F2:F20) -> 14 | G21: =SUM(G2:G20) -> 8 | H21: =SUM(H2:H20) -> 16 | I21: =SUM(I2:I20) -> 33 | J21: =SUM(J2:J20) -> 35 | ... T21: =SUM(T2:T20) -> 24
B22: BATAS AMBANG NILAI TINGKAT KEKUMUHAN | C22: =IF(C21<19,"TK",IF(19<=C21<=44,"KR",IF(45<=C21<=70,"KS","KB"))) -> TK | D22: KR | E22: TK | F22: TK | G22: TK | H22: TK | I22: KR | J22: KR | K22: KR | L22: KR | M22: KR | N22: KR | O22: KR | P22: KR | Q22: KR | R22: KR | S22: KR | T22: KR
B23: 71 -95 : KUMUH BERAT
B24: 45 - 70 : KUMUH SEDANG
B25: 19 - 44 KUMUH RINGAN
B26: < 19, DINYATAKAN TIDAK KUMUH | C26: M1 | D26: M2 | E26: M3 | F26: M4 | G26: M5 | H26: M6 | I26: B1 | J26: B2 | K26: B3 | L26: B4 | M26: B5 | N26: B6 | O26: MG1 | P26: MG2 | Q26: MG3 | R26: MG4 | S26: MG5 | T26: MG6
C28: =SUM(C21:H21)/6 -> 13.5 | D28: =SUM(I21:N21)/6 -> 28.666667
A30: 5
A31: 3
A32: 1
A33: 1

Sheet linguis
E1: miu | F1: v
A2: a. Ketidakteraturan Bangunan | B2: 76%-100% bangunan pada lokasi tidak memiliki keteraturan | C2: 5 | D2: Sangat sangat tidak teratur | E2: 0.8 | F2: 0.1
B3: 51%-75% bangunan pada lokasi tidak memiliki keteraturan | C3: 3 | D3: Sangat tidak teratur | E3: 0.6 | F3: 0.3
B4: 25%-50% bangunan pada lokasi tidak memiliki keteraturan | C4: 1 | D4: Tidak teratur | E4: 0.4 | F4: 0.5
B5: <25% bangunan pada lokasi tidak memiliki keteraturan | C5: 0 | D5: Cukup tidak teratur | E5: 0.2 | F5: 0.7
A6: b. Kepadatan Bangunan | B6: 76% - 100% bangunan memiliki kepadatan tidak sesuai ketentuan | C6: 5 | D6: Sangat sangat padat | E6: 0.8 | F6: 0.1
B7: 51%-75% bangunan memiliki kepadatan tidak sesuai ketentuan | C7: 3 | D7: Sangat padat | E7: 0.6 | F7: 0.3
B8: 25%-50% bangunan memiliki kepadatan tidak sesuai ketentuan | C8: 1 | D8: Padat | E8: 0.4 | F8: 0.5
B9: >25% bangunan memiliki kepadatan tidak sesuai ketentuan | C9: 0 | D9: Cukup padat | E9: 0.2 | F9: 0.7
A10: C. Ketidaksesuaian dengan Persyaratan Teknis Bangunan | B10: 76% - 100% bangunan pada lokasi tidak memenuhi persyaratan teknis | C10: 5 | D10: Sangat sangat tidak sesuai | E10: 0.8 | F10: 0.1
B11: 51% - 75% bangunan pada lokasi tidak memenuhi persyaratan teknis | C11: 3 | D11: Sangat tidak sesuai | E11: 0.6 | F11: 0.3
B12: 25% - 50% bangunan pada lokasi tidak memenuhi persyaratan teknis | C12: 1 | D12: Tidak sesuai | E12: 0.4 | F12: 0.5
B13: 25% - 50% bangunan pada lokasi tidak memenuhi persyaratan teknis | C13: 0 | D13: Cukup tidak sesuai | E13: 0.2 | F13: 0.7
A14: a. Cakupan Pelayanan Jalan Lingkungan | B14: 76% - 100% area tidak terlayani oleh jaringan jalan lingkungan | C14: 5 | D14: Sangat sangat tidak terlayani | E14: 0.8 | F14: 0.1
B15: 51% - 75% area tidak terlayani oleh jaringan jalan lingkungan | C15: 3 | D15: Sangat tidak terlayani | E15: 0.6 | F15: 0.3
B16: 25% - 50% area tidak terlayani oleh jaringan jalan lingkungan | C16: 1 | D16: Tidak terlayani | E16: 0.4 | F16: 0.5
B17: >25% area tidak terlayani oleh jaringan jalan lingkungan | C17: 0 | D17: Cukup tidak terlayani | E17: 0.2 | F17: 0.7
A18: b. Kualitas Permukaan Jalan lingkungan | B18: 76% - 100% area memiliki kualitas permukaan jalan yang buruk | C18: 5 | D18: Sangat sangat buruk | E18: 0.8 | F18: 0.1
B19: 51% - 75% area memiliki kualitas permukaan jalan yang buruk | C19: 3 | D19: Sangat buruk | E19: 0.6 | F19: 0.3
B20: 25% - 50% area memiliki kualitas permukaan jalan yang buruk | C20: 1 | D20: Buruk | E20: 0.4 | F20: 0.5
B21: >25% area memiliki kualitas permukaan jalan yang buruk | C21: 0 | D21: Cukup buruk | E21: 0.2 | F21: 0.7
A22: a. Ketersediaan Akses Aman Air Minum | B22: 76% - 100% Populasi tidak dapat mengakses air minum yang aman | C22: 5 | D22: Sangat sangat sulit diakses | E22: 0.8 | F22: 0.1
B23: 51% - 75% Populasi tidak dapat mengakses air minum yang aman | C23: 3 | D23: Sangat sulit diakses | E23: 0.6 | F23: 0.3
B24: 25% - 50% Populasi tidak dapat mengakses air minum yang aman | C24: 1 | D24: Sulit diakses | E24: 0.4 | F24: 0.5
B25: >25% Populasi tidak dapat mengakses air minum yang aman | C25: 0 | D25: Cukup sulit diakses | E25: 0.2 | F25: 0.7
A26: b. Tidak terpenuhinya Kebutuhan Air Minum | B26: 76% - 100% Populasi tidak terpenuhi kebutuhan air minum minimalnya | C26: 5 | D26: Sangat sangat tidak terpenuhi | E26: 0.8 | F26: 0.1
B27: 51% - 75% Populasi tidak terpenuhi kebutuhan air minum minimalnya | C27: 3 | D27: Sangat tidak terpenuhi | E27: 0.6 | F27: 0.3
B28: 25% - 50% Populasi tidak terpenuhi kebutuhan air minum minimalnya | C28: 1 | D28: Tidak terpenuhi | E28: 0.4 | F28: 0.5
B29: >25% Populasi tidak terpenuhi kebutuhan air minum minimalnya | C29: 0 | D29: Cukup tidak terpenuhi | E29: 0.2 | F29: 0.7
A30: a. Ketidakmampuan Mengalirkan Limpasan Air | B30: 76% - 100% area terjadi genangan > 30 cm, > 2 jam > 2x setahun | C30: 5 | D30: Sangat sangat tidak mampu | E30: 0.8 | F30: 0.1
B31: 51% - 75% area terjadi genangan > 30 cm, > 2 jam > 2x setahun | C31: 3 | D31: Sangat mampu | E31: 0.6 | F31: 0.3
B32: 25% - 50% area terjadi genangan > 30 cm, > 2 jam > 2x setahun | C32: 1 | D32: Tidak mampu | E32: 0.4 | F32: 0.5
B33: >25% area terjadi genangan > 30 cm, > 2 jam > 2x setahun | C33: 0 | D33: Cukup tidak mampu | E33: 0.2 | F33: 0.7
A34: b. Ketidaktersediaan Drainase | B34: 76% - 100% area tidak tersedia drainase lingkungan | C34: 5 | D34: Sangat sangat tidak tersedia | E34: 0.8 | F34: 0.1
B35: 51% - 75% area tidak tersedia drainase lingkungan | C35: 3 | D35: Sangat tidak tersedia | E35: 0.6 | F35: 0.3
B36: 25% - 50% area tidak tersedia drainase lingkungan | C36: 1 | D36: Tidak tersedia | E36: 0.4 | F36: 0.5
B37: >25% area tidak tersedia drainase lingkungan | C37: 0 | D37: Cukup tidak tersedia | E37: 0.2 | F37: 0.7
A38: c. Ketidakterhubungan dengan Sistem Drainase Perkotaan | B38: 76% - 100% drainase lingkungan tidak terhubung dengan hirarki di atasnya | C38: 5 | D38: Sangat sangat tidak terhubung | E38: 0.8 | F38: 0.1
B39: 51% - 75% drainase lingkungan tidak terhubung dengan hirarki di atasnya | C39: 3 | D39: Sangat tidak terhubung | E39: 0.6 | F39: 0.3
B40: 25% - 50% drainase lingkungan tidak terhubung dengan hirarki di atasnya | C40: 1 | D40: Tidak terhubung | E40: 0.4 | F40: 0.5
B41: >25% drainase lingkungan tidak terhubung dengan hirarki di atasnya | C41: 0 | D41: Cukup tidak terhubung | E41: 0.2 | F41: 0.7
A42: d. Tidak terpeliharanya Drainase | B42: 76% - 100% area memiliki drainase lingkungan yang kotor dan berbau | C42: 5 | D42: Sangat sangat tidak terpelihara | E42: 0.8 | F42: 0.1
B43: 51% - 75% area memiliki drainase lingkungan yang kotor dan berbau | C43: 3 | D43: Sangat tidak terpelihara | E43: 0.6 | F43: 0.3
B44: 25% - 50% area memiliki drainase lingkungan yang kotor dan berbau | C44: 1 | D44: Tidak terpelihara | E44: 0.4 | F44: 0.5
B45: >25% area memiliki drainase lingkungan yang kotor dan berbau | C45: 0 | D45: Cukup tidak terpelihara | E45: 0.2 | F45: 0.7
A46: e. Kualitas Konstruksi Drainase | B46: 76% - 100% area memiliki kualitas konstruksi drainase lingkungan buruk | C46: 5 | D46: Sangat sangat buruk | E46: 0.8 | F46: 0.1
B47: 51% - 75% area memiliki kualitas konstruksi drainase lingkungan buruk | C47: 3 | D47: Sangat buruk | E47: 0.6 | F47: 0.3
B48: 25% - 50% area memiliki kualitas konstruksi drainase lingkungan buruk | C48: 1 | D48: Buruk | E48: 0.4 | F48: 0.5
B49: >25% area memiliki kualitas konstruksi drainase lingkungan buruk | C49: 0 | D49: Cukup buruk | E49: 0.2 | F49: 0.7
A50: a. Sistem Pengelolaan Air Limbah Tidak Sesuai Standar Teknis | B50: 76% - 100% area memiliki sistem air limbah yang tidak sesuai standar teknis | C50: 5 | D50: Sangat sangat tidak sesuai | E50: 0.8 | F50: 0.1
B51: 51% - 75% area memiliki sistem air limbah yang tidak sesuai standar teknis | C51: 3 | D51: Sangat tidak sesuai | E51: 0.6 | F51: 0.3
B52: 25% - 50% area memiliki sistem air limbah yang tidak sesuai standar teknis | C52: 1 | D52: Tidak sesuai | E52: 0.4 | F52: 0.5
B53: >25% area memiliki sistem air limbah yang tidak sesuai standar teknis | C53: 0 | D53: Cukup tidak sesuai | E53: 0.2 | F53: 0.7
A54: b. Prasarana dan Sarana Pengelolaan Air Limbah Tidak Sesuai dengan Persyaratan Teknis | B54: 76% - 100% area memiliki sarpras air limbah tidak sesuai dengan persyaratan teknis | C54: 5 | D54: Sangat sangat tidak sesuai | E54: 0.8 | F54: 0.1
B55: 51% - 75% area memiliki sarpras air limbah tidak sesuai dengan persyaratan teknis | C55: 3 | D55: Sangat tidak sesuai | E55: 0.6 | F55: 0.3
B56: 25% - 50% area memiliki sarpras air limbah tidak sesuai dengan persyaratan teknis | C56: 1 | D56: Tidak sesuai | E56: 0.4 | F56: 0.5
B57: >25% area memiliki sarpras air limbah tidak sesuai dengan persyaratan teknis | C57: 0 | D57: Cukup tidak sesuai | E57: 0.2 | F57: 0.7
A58: a. Prasarana dan Sarana Persampahan Tidak Sesuai dengan persyaratan Teknis | B58: 76% - 100% area memiliki sarpras pengelolaan persampahan yang tidak memenuhi persyaratan teknis | C58: 5 | D58: Sangat sangat tidak sesuai | E58: 0.8 | F58: 0.1
B59: 51% - 75% area memiliki sarpras pengelolaan persampahan yang tidak memenuhi persyaratan teknis | C59: 3 | D59: Sangat tidak sesuai | E59: 0.6 | F59: 0.3
B60: 25% - 50% area memiliki sarpras pengelolaan persampahan yang tidak memenuhi persyaratan teknis | C60: 1 | D60: Tidak sesuai | E60: 0.4 | F60: 0.5
B61: >25% area memiliki sarpras pengelolaan persampahan yang tidak memenuhi persyaratan teknis | C61: 0 | D61: Cukup tidak sesuai | E61: 0.2 | F61: 0.7
A62: b. Sistem Pengelolaan Persampahan yang tidak sesuai Standar Teknis | B62: 76% - 100% area memiliki sistem persampahan tidak sesuai standar | C62: 5 | D62: Sangat sangat tidak sesuai | E62: 0.8 | F62: 0.1
B63: 51% - 75% area memiliki sistem persampahan tidak sesuai standar | C63: 3 | D63: Sangat tidak sesuai | E63: 0.6 | F63: 0.3
B64: 25% - 50% area memiliki sistem persampahan tidak sesuai standar | C64: 1 | D64: Tidak sesuai | E64: 0.4 | F64: 0.5
B65: >25% area memiliki sistem persampahan tidak sesuai standar | C65: 0 | D65: Cukup tidak sesuai | E65: 0.2 | F65: 0.7
A66: c. Tidakterpeliharanya Sarana dan Prasarana Pengelolaan Persampahan | B66: 76% - 100% area memiliki sarpras persampahan yang tidak terpelihara | C66: 5 | D66: Sangat sangat tidak terpelihara | E66: 0.8 | F66: 0.1
B67: 51% - 75% area memiliki sarpras persampahan yang tidak terpelihara | C67: 3 | D67: Sangat tidak terpelihara | E67: 0.6 | F67: 0.3
B68: 25% - 50% area memiliki sarpras persampahan yang tidak terpelihara | C68: 1 | D68: Tidak terpelihara | E68: 0.4 | F68: 0.5
B69: >25% area memiliki sarpras persampahan yang tidak terpelihara | C69: 0 | D69: Cukup tidak terpelihara | E69: 0.2 | F69: 0.7
A70: a. Ketidaktersediaan Prasarana Proteksi Kebakaran | B70: 76% - 100% area tidak memiliki prasarana proteksi kebakaran | C70: 5 | D70: Sangat sangat tidak tersedia | E70: 0.8 | F70: 0.1
B71: 51% - 75% area tidak memiliki prasarana proteksi kebakaran | C71: 3 | D71: Sangat tidak tersedia | E71: 0.6 | F71: 0.3
B72: 25% - 50% area tidak memiliki prasarana proteksi kebakaran | C72: 1 | D72: Tidak tersedia | E72: 0.4 | F72: 0.5
B73: >25% area tidak memiliki prasarana proteksi kebakaran | C73: 0 | D73: Cukup tidak tersedia | E73: 0.2 | F73: 0.7
A74: b. Ketidaktersediaan Sarana Proteksi Kebakaran | B74: 76% - 100% area tidak memiliki sarana proteksi kebakaran | C74: 5 | D74: Sangat sangat tidak tersedia | E74: 0.8 | F74: 0.1
B75: 51% - 75% area tidak memiliki sarana proteksi kebakaran | C75: 3 | D75: Sangat tidak tersedia | E75: 0.6 | F75: 0.3
B76: 25% - 50% area tidak memiliki sarana proteksi kebakaran | C76: 1 | D76: Tidak tersedia | E76: 0.4 | F76: 0.5
B77: >25% area tidak memiliki sarana proteksi kebakaran | C77: 0 | D77: Cukup tidak tersedia | E77: 0.2 | F77: 0.7

Sheet MG6
A1: PERHITUNGAN TINGKAT KEKUMUHAN AKHIR/PERHITUNGAN OUTCOME PENINGKATAN KUALITAS PERMUKIMAN KUMUH
A3: Provinsi | B3: =": "&[19]NUMERIK!E14 -> : JAWA TIMUR | C3: Luas SK | E3: =[19]NUMERIK!K6 -> 43.8 | F3: Ha
A4: Kab/Kota | B4: =": "&[19]NUMERIK!E12 -> : KAB. MAGETAN | C4: Luas Verifikasi | E4: =[19]NUMERIK!K8 -> 43.8 | F4: Ha
A5: Kecamatan | B5: =": "&[19]NUMERIK!E10 -> : MAGETAN | C5: Jumlah Bangunan | E5: =[19]NUMERIK!K10 -> 414 | F5: Unit
A6: Kawasan | B6: =": "&[19]NUMERIK!E6 -> : SELOSARI | C6: Jumlah Penduduk | E6: =[19]NUMERIK!K12 -> 1552 | F6: Jiwa
C7: Jumlah Bangunan | E7: =[19]NUMERIK!K14 -> 491 | F7: KK
A9: ASPEK | B9: KRITERIA | C9: KONDISI AWAL (BASELINE) | G9: OUTPUT - OUTCOME | J9: KONDISI AKHIR
G10: OUTPUT
C11: NUMERIK | D11: SATUAN | E11: PROSEN (%) | F11: NILAI | G11: INFRASTRUKTUR | H11: VOLUME | I11: SATUAN | J11: NUMERIK | K11: SATUAN | L11: PROSEN | M11: NILAI
A12: 1. KONDISI BANGUNAN GEDUNG | B12: a. Ketidakteraturan Bangunan | C12: =[19]NUMERIK!K18 -> 147 | D12: Unit | E12: =C12/E5*100% -> 0.35507246 | F12: =IF(AND(E12>=24.995%,E12<50.995%),1,IF(AND(E12>=50.995%,E12<75.995%),3,IF(E12>=75.995%,5,0))) -> 1 | G12: =[19]Outcome!Q6 -> , , , , , , , , , , , , , , , , , , , , , , , , , , , , , , , , , , , , , , , , , , , , | H12: =[19]Outcome!M6 -> 0 | I12: Unit | J12: =IF(H12>C12,0,C12-H12) -> 147 | K12: Unit | L12: =J12/E$5*100% -> 0.35507246 | M12: =IF(AND(L12>=24.995%,L12<50.995%),1,IF(AND(L12>=50.995%,L12<75.995%),3,IF(L12>=75.995%,5,0))) -> 1
B13: b. Kepadatan Bangunan | C13: =[19]NUMERIK!K20 -> 0 | D13: Ha | E13: =C13/E4*100% -> 0 | F13: =IF(AND(E13>=24.995%,E13<50.995%),1,IF(AND(E13>=50.995%,E13<75.995%),3,IF(E13>=75.995%,5,0))) -> 0 | G13: =[19]Outcome!Q51 -> , , , , , , , , , , , , , , , , , , , | H13: =[19]Outcome!M51 -> 0 | I13: Ha | J13: =IF(H13>C13,0,C13-H13) -> 0 | K13: Ha | L13: =J13/E$4*100% -> 0 | M13: =IF(AND(L13>=24.995%,L13<50.995%),1,IF(AND(L13>=50.995%,L13<75.995%),3,IF(L13>=75.995%,5,0))) -> 0
B14: c. Ketidaksesuaian dengan Persy Teknis Bangunan | C14: =[19]NUMERIK!K22 -> 136 | D14: Unit | E14: =C14/E5*100% -> 0.32850242 | F14: =IF(AND(E14>=24.995%,E14<50.995%),1,IF(AND(E14>=50.995%,E14<75.995%),3,IF(E14>=75.995%,5,0))) -> 1 | G14: =[19]Outcome!Q71 -> Bangunan Gedung RT002-RW006, Bangunan Gedung RT002-RW004, Bangunan Gedung RT002-RW006, Bangunan Gedung RT003-RW002, Bangunan Gedung RT001-RW005, Bangunan Gedung RT004-RW005, , , , , , , , , , , , , , , , , , , , , , , , , , , , , , , , , , , , , , , | H14: =[19]Outcome!M71 -> 18 | I14: Unit | J14: =IF(H14>C14,0,C14-H14) -> 118 | K14: Unit | L14: =J14/E$5*100% -> 0.28502415 | M14: =IF(AND(L14>=24.995%,L14<50.995%),1,IF(AND(L14>=50.995%,L14<75.995%),3,IF(L14>=75.995%,5,0))) -> 1
A15: Rata-rata Kondisi Bangunan Gedung | E15: =IF(SUM(F12:F14)>0,(SUMIF(F12:F14,">0",E12:E14)/3),0) -> 0.22785829 | L15: =IF(SUM(M12:M14)>0,(SUMIF(M12:M14,">0",L12:L14)/3),0) -> 0.21336554
A16: 2. Kondisi Jalan Lingkungan | B16: a. Cakupan Pelayanan Jalan Lingkungan | C16: =[19]NUMERIK!K25-[19]NUMERIK!K26 -> 0 | D16: Meter | E16: =C16/[19]NUMERIK!K$25*100% -> 0 | F16: =IF(AND(E16>=24.995%,E16<50.995%),1,IF(AND(E16>=50.995%,E16<75.995%),3,IF(E16>=75.995%,5,0))) -> 0 | G16: =[19]Outcome!Q116 -> , , , , , , , , , , , , , , , , , , , | H16: =[19]Outcome!M116 -> 0 | I16: Meter | J16: =IF(H16>C16,0,C16-H16) -> 0 | K16: Meter | L16: =J16/[19]NUMERIK!K$25*100% -> 0 | M16: =IF(AND(L16>=24.995%,L16<50.995%),1,IF(AND(L16>=50.995%,L16<75.995%),3,IF(L16>=75.995%,5,0))) -> 0
B17: b. Kualitas Permukaan Jalan lingkungan | C17: =[19]NUMERIK!K28 -> 1814 | D17: Meter | E17: =C17/[19]NUMERIK!K$25*100% -> 0.34097744 | F17: =IF(AND(E17>=24.995%,E17<50.995%),1,IF(AND(E17>=50.995%,E17<75.995%),3,IF(E17>=75.995%,5,0))) -> 1 | G17: =[19]Outcome!Q136 -> Jln.buras (Leburan Aspal) RT004-RW002, Jln.buras (Leburan Aspal) RT001-RW003, , , , , , , , , , , , , , , , , , , , , , , , , , , , , , , , , , , , , , , , , , , | H17: =[19]Outcome!M136 -> 400 | I17: Meter | J17: =IF(H17>C17,0,C17-H17) -> 1414 | K17: Meter | L17: =J17/[19]NUMERIK!K$25*100% -> 0.26578947 | M17: =IF(AND(L17>=24.995%,L17<50.995%),1,IF(AND(L17>=50.995%,L17<75.995%),3,IF(L17>=75.995%,5,0))) -> 1
A18: Rata-rata Kondisi Jalan Lingkungan | E18: =IF(SUM(F16:F17)>0,(SUMIF(F16:F17,">0",E16:E17)/2),0) -> 0.17048872 | L18: =IF(SUM(M16:M17)>0,(SUMIF(M16:M17,">0",L16:L17)/2),0) -> 0.13289474
A19: 3. Kondisi Penyediaan Air Minum | B19: a. Ketersediaan Akses Aman Air Minum | C19: =[19]NUMERIK!K31 -> 0 | D19: KK | E19: =C19/E$7*100% -> 0 | F19: =IF(AND(E19>=24.995%,E19<50.995%),1,IF(AND(E19>=50.995%,E19<75.995%),3,IF(E19>=75.995%,5,0))) -> 0 | G19: =[19]Outcome!Q181 -> , , , , , , , , , , , , , , , , , , , | H19: =[19]Outcome!Q182 -> 0 | I19: KK | J19: =IF(H19>C19,0,C19-H19) -> 0 | K19: KK | L19: =J19/E$7*100% -> 0 | M19: =IF(AND(L19>=24.995%,L19<50.995%),1,IF(AND(L19>=50.995%,L19<75.995%),3,IF(L19>=75.995%,5,0))) -> 0
B20: b. Tidak terpenuhinya Kebutuhan Air Minum | C20: =[19]NUMERIK!K33 -> 2 | D20: KK | E20: =C20/E$7*100% -> 0.0040733198 | F20: =IF(AND(E20>=24.995%,E20<50.995%),1,IF(AND(E20>=50.995%,E20<75.995%),3,IF(E20>=75.995%,5,0))) -> 0 | G20: =[19]Outcome!Q201 -> , , , , , , , , , , , , , , , , , , , , , , , , , , , , , , , , , , , , , , , , , , , , | H20: =[19]Outcome!Q202 -> 0 | I20: KK | J20: =IF(H20>C20,0,C20-H20) -> 2 | K20: KK | L20: =J20/E$7*100% -> 0.0040733198 | M20: =IF(AND(L20>=24.995%,L20<50.995%),1,IF(AND(L20>=50.995%,L20<75.995%),3,IF(L20>=75.995%,5,0))) -> 0
A21: Rata-rata Kondisi Penyediaan Air Minum | E21: =IF(SUM(F19:F20)>0,(SUMIF(F19:F20,">0",E19:E20)/2),0) -> 0 | L21: =IF(SUM(M19:M20)>0,(SUMIF(M19:M20,">0",L19:L20)/2),0) -> 0
A22: 4. Kondisi Drainase Lingkungan | B22: a. Ketidakmampuan Mengalirkan Limpasan Air | C22: =[19]NUMERIK!K36 -> 0 | D22: Ha | E22: =C22/E$4*100% -> 0 | F22: =IF(AND(E22>=24.995%,E22<50.995%),1,IF(AND(E22>=50.995%,E22<75.995%),3,IF(E22>=75.995%,5,0))) -> 0 | G22: =[19]Outcome!Q246 -> , , , , , , , , , , , , , , , , , , , | H22: =[19]Outcome!M246 -> 0 | I22: Ha | J22: =IF(H22>C22,0,C22-H22) -> 0 | K22: Ha | L22: =J22/E$4*100% -> 0 | M22: =IF(AND(L22>=24.995%,L22<50.995%),1,IF(AND(L22>=50.995%,L22<75.995%),3,IF(L22>=75.995%,5,0))) -> 0
B23: b. Ketidaktersediaan Drainase | C23: =([19]NUMERIK!K38-[19]NUMERIK!K40) -> 0 | D23: Meter | E23: =C23/[19]NUMERIK!K$38*100% -> 0 | F23: =IF(AND(E23>=24.995%,E23<50.995%),1,IF(AND(E23>=50.995%,E23<75.995%),3,IF(E23>=75.995%,5,0))) -> 0 | G23: =[19]Outcome!Q266 -> , , , , , , , , , , , , , , , , , , , , , , , , , , , , , , , , , , , , , , , , , , , , | H23: =[19]Outcome!M266 -> 0 | I23: Meter | J23: =IF(H23>C23,0,C23-H23) -> 0 | K23: Meter | L23: =J23/[19]NUMERIK!K$38*100% -> 0 | M23: =IF(AND(L23>=24.995%,L23<50.995%),1,IF(AND(L23>=50.995%,L23<75.995%),3,IF(L23>=75.995%,5,0))) -> 0
B24: c. Ketidakterhubungan dgn Sistem Drainase Kota | C24: =[19]NUMERIK!K42 -> 0 | D24: Meter | E24: =C24/[19]NUMERIK!K$38*100% -> 0 | F24: =IF(AND(E24>=24.995%,E24<50.995%),1,IF(AND(E24>=50.995%,E24<75.995%),3,IF(E24>=75.995%,5,0))) -> 0 | G24: =[19]Outcome!Q311 -> , , , , , , , , , , , , , , , , , , , | H24: =[19]Outcome!M311 -> 0 | I24: Meter | J24: =IF(H24>C24,0,C24-H24) -> 0 | K24: Meter | L24: =J24/[19]NUMERIK!K$38*100% -> 0 | M24: =IF(AND(L24>=24.995%,L24<50.995%),1,IF(AND(L24>=50.995%,L24<75.995%),3,IF(L24>=75.995%,5,0))) -> 0
B25: d. Tidak terpeliharanya Drainase | C25: =[19]NUMERIK!K45 -> 2910 | D25: Meter | E25: =C25/[19]NUMERIK!K$38*100% -> 1 | F25: =IF(AND(E25>=24.995%,E25<50.995%),1,IF(AND(E25>=50.995%,E25<75.995%),3,IF(E25>=75.995%,5,0))) -> 5 | G25: =[19]Outcome!Q331 -> , , , , , , , , , , , , , , , , , , , | H25: =[19]Outcome!M331 -> 0 | I25: Meter | J25: =IF(H25>C25,0,C25-H25) -> 2910 | K25: Meter | L25: =J25/[19]NUMERIK!K$38*100% -> 1 | M25: =IF(AND(L25>=24.995%,L25<50.995%),1,IF(AND(L25>=50.995%,L25<75.995%),3,IF(L25>=75.995%,5,0))) -> 5
B26: e. Kualitas Konstruksi Drainase | C26: =[19]NUMERIK!K48 -> 800 | D26: Meter | E26: =C26/[19]NUMERIK!K$38*100% -> 0.27491409 | F26: =IF(AND(E26>=24.995%,E26<50.995%),1,IF(AND(E26>=50.995%,E26<75.995%),3,IF(E26>=75.995%,5,0))) -> 1 | G26: =[19]Outcome!Q351 -> , , , , , , , , , , , , , , , , , , , , , , , , , , , , , , , , , , , , , , , , , , , , | H26: =[19]Outcome!M351 -> 0 | I26: Meter | J26: =IF(H26>C26,0,C26-H26) -> 800 | K26: Meter | L26: =J26/[19]NUMERIK!K$38*100% -> 0.27491409 | M26: =IF(AND(L26>=24.995%,L26<50.995%),1,IF(AND(L26>=50.995%,L26<75.995%),3,IF(L26>=75.995%,5,0))) -> 1
A27: Rata-rata Kondisi Drainase Lingkungan | E27: =IF(SUM(F22:F26)>0,(SUMIF(F22:F26,">0",E22:E26)/5),0) -> 0.25498282 | L27: =IF(SUM(M22:M26)>0,(SUMIF(M22:M26,">0",L22:L26)/5),0) -> 0.25498282
A28: 5. Kondisi Pengelolaan Air Limbah | B28: a. Sistem Pengelolaan Air Limbah Tidak Sesuai Standar Teknis | C28: =[19]NUMERIK!K51 -> 6 | D28: KK | E28: =C28/E$7*100% -> 0.012219959 | F28: =IF(AND(E28>=24.995%,E28<50.995%),1,IF(AND(E28>=50.995%,E28<75.995%),3,IF(E28>=75.995%,5,0))) -> 0 | G28: =[19]Outcome!Q396 -> , , , , , , , , , , , , , , , , , , , , , , , , , , , , , , , , , , , , , , , , , , , , | H28: =[19]Outcome!Q397 -> 0 | I28: KK | J28: =IF(H28>C28,0,C28-H28) -> 6 | K28: KK | L28: =J28/E$7*100% -> 0.012219959 | M28: =IF(AND(L28>=24.995%,L28<50.995%),1,IF(AND(L28>=50.995%,L28<75.995%),3,IF(L28>=75.995%,5,0))) -> 0
B29: b. Prasarana dan Sarana Pengelolaan Air Limbah Tidak Sesuai dengan Persyaratan Teknis | C29: =[19]NUMERIK!K53 -> 14 | D29: KK | E29: =C29/E$7*100% -> 0.028513238 | F29: =IF(AND(E29>=24.995%,E29<50.995%),1,IF(AND(E29>=50.995%,E29<75.995%),3,IF(E29>=75.995%,5,0))) -> 0 | G29: =[19]Outcome!Q441 -> , , , , , , , , , , , , , , , , , , , , , , , , , , , , , , , , , , , , , , , , , , , , , , , , , , , , , , | H29: =[19]Outcome!Q442 -> 0 | I29: KK | J29: =IF(H29>C29,0,C29-H29) -> 14 | K29: KK | L29: =J29/E$7*100% -> 0.028513238 | M29: =IF(AND(L29>=24.995%,L29<50.995%),1,IF(AND(L29>=50.995%,L29<75.995%),3,IF(L29>=75.995%,5,0))) -> 0
A30: Rata-rata Kondisi Penyediaan Air Limbah | E30: =IF(SUM(F28:F29)>0,(SUMIF(F28:F29,">0",E28:E29)/2),0) -> 0 | L30: =IF(SUM(M28:M29)>0,(SUMIF(M28:M29,">0",L28:L29)/2),0) -> 0
A31: 6. Kondisi Pengelolaan Persampahan | B31: a. Prasarana dan Sarana Persampahan Tidak Sesuai dengan persyaratan Teknis | C31: =[19]NUMERIK!K56 -> 78 | D31: KK | E31: =C31/E$7*100% -> 0.15885947 | F31: =IF(AND(E31>=24.995%,E31<50.995%),1,IF(AND(E31>=50.995%,E31<75.995%),3,IF(E31>=75.995%,5,0))) -> 0 | G31: =[19]Outcome!Q496 -> Pengolaan sampah RT001-RW005, , , , , , , , , , , , , , , , , , , , , , , , , , , , , , , , , , , , , , , , , , , , | H31: =[19]Outcome!Q497 -> 0 | I31: KK | J31: =IF(H31>C31,0,C31-H31) -> 78 | K31: KK | L31: =J31/E$7*100% -> 0.15885947 | M31: =IF(AND(L31>=24.995%,L31<50.995%),1,IF(AND(L31>=50.995%,L31<75.995%),3,IF(L31>=75.995%,5,0))) -> 0
B32: b. Sistem Pengelolaan Persampahan yang tidak sesuai Standar Teknis | C32: =[19]NUMERIK!K59 -> 296 | D32: KK | E32: =C32/E$7*100% -> 0.60285132 | F32: =IF(AND(E32>=24.995%,E32<50.995%),1,IF(AND(E32>=50.995%,E32<75.995%),3,IF(E32>=75.995%,5,0))) -> 3 | G32: =[19]Outcome!Q541 -> , , , , , , , , , , , , , , , , , , , , , , , , , , , , , , , , , , , , , , , , , , , , | H32: =[19]Outcome!Q542 -> 0 | I32: KK | J32: =IF(H32>C32,0,C32-H32) -> 296 | K32: KK | L32: =J32/E$7*100% -> 0.60285132 | M32: =IF(AND(L32>=24.995%,L32<50.995%),1,IF(AND(L32>=50.995%,L32<75.995%),3,IF(L32>=75.995%,5,0))) -> 3
B33: c. Tidakterpeliharanya Sarana dan Prasarana Pengelolaan Persampahan | C33: =[19]NUMERIK!K61 -> 78 | D33: KK | E33: =C33/E$7*100% -> 0.15885947 | F33: =IF(AND(E33>=24.995%,E33<50.995%),1,IF(AND(E33>=50.995%,E33<75.995%),3,IF(E33>=75.995%,5,0))) -> 0 | G33: =[19]Outcome!Q586 -> , , , , , , , , , , , , , , , , , , , , , , , , , , , , , , , , , , , , , , , , , , , , | H33: =[19]Outcome!Q587 -> 0 | I33: KK | J33: =IF(H33>C33,0,C33-H33) -> 78 | K33: KK | L33: =J33/E$7*100% -> 0.15885947 | M33: =IF(AND(L33>=24.995%,L33<50.995%),1,IF(AND(L33>=50.995%,L33<75.995%),3,IF(L33>=75.995%,5,0))) -> 0
A34: Rata-rata Kondisi Pengelolaan Persampahan | E34: =IF(SUM(F31:F33)>0,(SUMIF(F31:F33,">0",E31:E33)/3),0) -> 0.20095044 | L34: =IF(SUM(M31:M33)>0,(SUMIF(M31:M33,">0",L31:L33)/3),0) -> 0.20095044
A35: 7. Kondisi Proteksi Kebakaran | B35: a. Ketidaktersediaan Prasarana Proteksi Kebakaran | C35: =[19]NUMERIK!K64 -> 356 | D35: Unit | E35: =C35/E$5*100% -> 0.85990338 | F35: =IF(AND(E35>=24.995%,E35<50.995%),1,IF(AND(E35>=50.995%,E35<75.995%),3,IF(E35>=75.995%,5,0))) -> 5 | G35: =[19]Outcome!Q631 -> , , , , , , , , , , , , , , , , , , , | H35: =[19]Outcome!Q632 -> 0 | I35: Unit | J35: =IF(H35>C35,0,C35-H35) -> 356 | K35: Unit | L35: =J35/E$5*100% -> 0.85990338 | M35: =IF(AND(L35>=24.995%,L35<50.995%),1,IF(AND(L35>=50.995%,L35<75.995%),3,IF(L35>=75.995%,5,0))) -> 5
B36: b. Ketidaktersediaan Sarana Proteksi Kebakaran | C36: =[19]NUMERIK!K66 -> 414 | D36: Unit | E36: =C36/E$5*100% -> 1 | F36: =IF(AND(E36>=24.995%,E36<50.995%),1,IF(AND(E36>=50.995%,E36<75.995%),3,IF(E36>=75.995%,5,0))) -> 5 | G36: =[19]Outcome!Q651 -> , , , , , , , , , , , , , , , , , , , | H36: =[19]Outcome!Q652 -> 0 | I36: Unit | J36: =IF(H36>C36,0,C36-H36) -> 414 | K36: Unit | L36: =J36/E$5*100% -> 1 | M36: =IF(AND(L36>=24.995%,L36<50.995%),1,IF(AND(L36>=50.995%,L36<75.995%),3,IF(L36>=75.995%,5,0))) -> 5
A37: Rata-rata Kondisi Proteksi Kebakaran | E37: =IF(SUM(F35:F36)>0,(SUMIF(F35:F36,">0",E35:E36)/2),0) -> 0.92995169 | L37: =IF(SUM(M35:M36)>0,(SUMIF(M35:M36,">0",L35:L36)/2),0) -> 0.92995169
B38: BATAS AMBANG NILAI TINGKAT KEKUMUHAN | D38: TOTAL NILAI | F38: =SUM(F12:F36) -> 22 | K38: TOTAL NILAI | M38: =SUM(M12:M36) -> 22
B39: 71 -95 : KUMUH BERAT
B40: 45 - 70 : KUMUH SEDANG | D40: TINGKAT KEKUMUHAN | F40: =IF(F38="N/A","TIDAK KUMUH",IF(F38>=71,"KUMUH BERAT",IF(AND(F38<=70,F38>=45),"KUMUH SEDANG",IF(AND(F38<=44,F38>=19),"KUMUH RINGAN","TIDAK KUMUH")))) -> KUMUH RINGAN | K40: TINGKAT KEKUMUHAN | M40: =IF(M38="N/A","TIDAK KUMUH",IF(M38>=71,"KUMUH BERAT",IF(AND(M38<=70,M38>=45),"KUMUH SEDANG",IF(AND(M38<=44,M38>=19),"KUMUH RINGAN","TIDAK KUMUH")))) -> KUMUH RINGAN
B41: 19 - 44 KUMUH RINGAN | F41: =IF(E41>71,"KB",IF(E41>=47,"KS","KR")) -> KR | M41: =IF(L41>71,"KB",IF(L41>=47,"KS","KR")) -> KR
B42: < 19, DINYATAKAN TIDAK KUMUH | E42: RATA2 KEKUMUHAN SEKTORAL | F42: =AVERAGE(E15,E18,E21,E27,E30,E34,E37) -> 0.25489028 | L42: RATA2 KEKUMUHAN SEKTORAL | M42: =AVERAGE(L15,L18,L21,L27,L30,L34,L37) -> 0.24744932
E43: KONTRIBUSI PENANGANAN | F43: 0 | L43: KONTRIBUSI PENANGANAN | M43: =(F42-M42)/F42 -> 0.029192807

Sheet MG5
A1: PERHITUNGAN TINGKAT KEKUMUHAN AKHIR/PERHITUNGAN OUTCOME PENINGKATAN KUALITAS PERMUKIMAN KUMUH
A3: Provinsi | B3: =": "&[20]NUMERIK!E14 -> : JAWA TIMUR | C3: Luas SK | E3: =[20]NUMERIK!K6 -> 12.01 | F3: Ha
A4: Kab/Kota | B4: =": "&[20]NUMERIK!E12 -> : KAB. MAGETAN | C4: Luas Verifikasi | E4: =[20]NUMERIK!K8 -> 12.01 | F4: Ha
A5: Kecamatan | B5: =": "&[20]NUMERIK!E10 -> : MAGETAN | C5: Jumlah Bangunan | E5: =[20]NUMERIK!K10 -> 735 | F5: Unit
A6: Kawasan | B6: =": "&[20]NUMERIK!E6 -> : RINGINAGUNG | C6: Jumlah Penduduk | E6: =[20]NUMERIK!K12 -> 2882 | F6: Jiwa
C7: Jumlah Bangunan | E7: =[20]NUMERIK!K14 -> 883 | F7: KK
A9: ASPEK | B9: KRITERIA | C9: KONDISI AWAL (BASELINE) | G9: OUTPUT - OUTCOME | J9: KONDISI AKHIR
G10: OUTPUT
C11: NUMERIK | D11: SATUAN | E11: PROSEN (%) | F11: NILAI | G11: INFRASTRUKTUR | H11: VOLUME | I11: SATUAN | J11: NUMERIK | K11: SATUAN | L11: PROSEN | M11: NILAI
A12: 1. KONDISI BANGUNAN GEDUNG | B12: a. Ketidakteraturan Bangunan | C12: =[20]NUMERIK!K18 -> 319 | D12: Unit | E12: =C12/E5*100% -> 0.43401361 | F12: =IF(AND(E12>=24.995%,E12<50.995%),1,IF(AND(E12>=50.995%,E12<75.995%),3,IF(E12>=75.995%,5,0))) -> 1 | G12: =[20]Outcome!Q6 -> , , , , , , , , , , , , , , , , , , , , , , , , , , , , , , , , , , , , , , , , , , , , | H12: =[20]Outcome!M6 -> 0 | I12: Unit | J12: =IF(H12>C12,0,C12-H12) -> 319 | K12: Unit | L12: =J12/E$5*100% -> 0.43401361 | M12: =IF(AND(L12>=24.995%,L12<50.995%),1,IF(AND(L12>=50.995%,L12<75.995%),3,IF(L12>=75.995%,5,0))) -> 1
B13: b. Kepadatan Bangunan | C13: =[20]NUMERIK!K20 -> 0 | D13: Ha | E13: =C13/E4*100% -> 0 | F13: =IF(AND(E13>=24.995%,E13<50.995%),1,IF(AND(E13>=50.995%,E13<75.995%),3,IF(E13>=75.995%,5,0))) -> 0 | G13: =[20]Outcome!Q51 -> , , , , , , , , , , , , , , , , , , , | H13: =[20]Outcome!M51 -> 0 | I13: Ha | J13: =IF(H13>C13,0,C13-H13) -> 0 | K13: Ha | L13: =J13/E$4*100% -> 0 | M13: =IF(AND(L13>=24.995%,L13<50.995%),1,IF(AND(L13>=50.995%,L13<75.995%),3,IF(L13>=75.995%,5,0))) -> 0
B14: c. Ketidaksesuaian dengan Persy Teknis Bangunan | C14: =[20]NUMERIK!K22 -> 199 | D14: Unit | E14: =C14/E5*100% -> 0.2707483 | F14: =IF(AND(E14>=24.995%,E14<50.995%),1,IF(AND(E14>=50.995%,E14<75.995%),3,IF(E14>=75.995%,5,0))) -> 1 | G14: =[20]Outcome!Q71 -> Bangunan Gedung RT002-RW004 , Bangunan Gedung RT001-RW004 , Bangunan Gedung RT001-RW002 , Bangunan Gedung RT002-RW002 , Bangunan Gedung RT003-RW002 , Bangunan Gedung RT004-RW002 , Bangunan Gedung RT002-RW003 , Bangunan Gedung RT001-RW002, Bangunan Gedung RT001-RW005 , Bangunan Gedung RT002-RW005 , Bangunan Gedung RT001-RW001 , Bangunan Gedung RT003-RW001 , Bangunan Gedung RT002-RW001 , Bangunan Gedung RT002-RW003 , Bangunan Gedung RT004-RW003 , Bangunan Gedung RT001-RW003 , Rehab/perbaikan Rumah Tidak Layak Huni (Aladin) RT002-RW001, , , , , , , , , , , , , , , , , , , , , , , , , , , , | H14: =[20]Outcome!M71 -> 31 | I14: Unit | J14: =IF(H14>C14,0,C14-H14) -> 168 | K14: Unit | L14: =J14/E$5*100% -> 0.22857143 | M14: =IF(AND(L14>=24.995%,L14<50.995%),1,IF(AND(L14>=50.995%,L14<75.995%),3,IF(L14>=75.995%,5,0))) -> 0
A15: Rata-rata Kondisi Bangunan Gedung | E15: =IF(SUM(F12:F14)>0,(SUMIF(F12:F14,">0",E12:E14)/3),0) -> 0.23492063 | L15: =IF(SUM(M12:M14)>0,(SUMIF(M12:M14,">0",L12:L14)/3),0) -> 0.1446712
A16: 2. Kondisi Jalan Lingkungan | B16: a. Cakupan Pelayanan Jalan Lingkungan | C16: =[20]NUMERIK!K25-[20]NUMERIK!K26 -> 1030 | D16: Meter | E16: =C16/[20]NUMERIK!K$25*100% -> 0.080012429 | F16: =IF(AND(E16>=24.995%,E16<50.995%),1,IF(AND(E16>=50.995%,E16<75.995%),3,IF(E16>=75.995%,5,0))) -> 0 | G16: =[20]Outcome!Q116 -> Jalan Buras (Leburan Aspal) RT003-RW002, , , , , , , , , , , , , , , , , , , | H16: =[20]Outcome!M116 -> 105 | I16: Meter | J16: =IF(H16>C16,0,C16-H16) -> 925 | K16: Meter | L16: =J16/[20]NUMERIK!K$25*100% -> 0.071855822 | M16: =IF(AND(L16>=24.995%,L16<50.995%),1,IF(AND(L16>=50.995%,L16<75.995%),3,IF(L16>=75.995%,5,0))) -> 0
B17: b. Kualitas Permukaan Jalan lingkungan | C17: =[20]NUMERIK!K28 -> 4859 | D17: Meter | E17: =C17/[20]NUMERIK!K$25*100% -> 0.37745669 | F17: =IF(AND(E17>=24.995%,E17<50.995%),1,IF(AND(E17>=50.995%,E17<75.995%),3,IF(E17>=75.995%,5,0))) -> 1 | G17: =[20]Outcome!Q136 -> Jalan Lingkungan RT004-RW002, Jalan Lingkungan RT003-RW002, Jalan Lingkungan RT004-RW002, Jalan Lingkungan RT001-RW002, Jalan Buras (Leburan Aspal) RT002-RW001, Jalan Buras (Leburan Aspal) RT003-RW002, , , , , , , , , , , , , , , , , , , , , , , , , , , , , , , , , , , , , , , | H17: =[20]Outcome!M136 -> 1076 | I17: Meter | J17: =IF(H17>C17,0,C17-H17) -> 3783 | K17: Meter | L17: =J17/[20]NUMERIK!K$25*100% -> 0.29387089 | M17: =IF(AND(L17>=24.995%,L17<50.995%),1,IF(AND(L17>=50.995%,L17<75.995%),3,IF(L17>=75.995%,5,0))) -> 1
A18: Rata-rata Kondisi Jalan Lingkungan | E18: =IF(SUM(F16:F17)>0,(SUMIF(F16:F17,">0",E16:E17)/2),0) -> 0.18872835 | L18: =IF(SUM(M16:M17)>0,(SUMIF(M16:M17,">0",L16:L17)/2),0) -> 0.14693545
A19: 3. Kondisi Penyediaan Air Minum | B19: a. Ketersediaan Akses Aman Air Minum | C19: =[20]NUMERIK!K31 -> 2 | D19: KK | E19: =C19/E$7*100% -> 0.0022650057 | F19: =IF(AND(E19>=24.995%,E19<50.995%),1,IF(AND(E19>=50.995%,E19<75.995%),3,IF(E19>=75.995%,5,0))) -> 0 | G19: =[20]Outcome!Q181 -> , , , , , , , , , , , , , , , , , , , | H19: =[20]Outcome!Q182 -> 0 | I19: KK | J19: =IF(H19>C19,0,C19-H19) -> 2 | K19: KK | L19: =J19/E$7*100% -> 0.0022650057 | M19: =IF(AND(L19>=24.995%,L19<50.995%),1,IF(AND(L19>=50.995%,L19<75.995%),3,IF(L19>=75.995%,5,0))) -> 0
B20: b. Tidak terpenuhinya Kebutuhan Air Minum | C20: =[20]NUMERIK!K33 -> 59 | D20: KK | E20: =C20/E$7*100% -> 0.066817667 | F20: =IF(AND(E20>=24.995%,E20<50.995%),1,IF(AND(E20>=50.995%,E20<75.995%),3,IF(E20>=75.995%,5,0))) -> 0 | G20: =[20]Outcome!Q201 -> , , , , , , , , , , , , , , , , , , , , , , , , , , , , , , , , , , , , , , , , , , , , | H20: =[20]Outcome!Q202 -> 0 | I20: KK | J20: =IF(H20>C20,0,C20-H20) -> 59 | K20: KK | L20: =J20/E$7*100% -> 0.066817667 | M20: =IF(AND(L20>=24.995%,L20<50.995%),1,IF(AND(L20>=50.995%,L20<75.995%),3,IF(L20>=75.995%,5,0))) -> 0
A21: Rata-rata Kondisi Penyediaan Air Minum | E21: =IF(SUM(F19:F20)>0,(SUMIF(F19:F20,">0",E19:E20)/2),0) -> 0 | L21: =IF(SUM(M19:M20)>0,(SUMIF(M19:M20,">0",L19:L20)/2),0) -> 0
A22: 4. Kondisi Drainase Lingkungan | B22: a. Ketidakmampuan Mengalirkan Limpasan Air | C22: =[20]NUMERIK!K36 -> 0 | D22: Ha | E22: =C22/E$4*100% -> 0 | F22: =IF(AND(E22>=24.995%,E22<50.995%),1,IF(AND(E22>=50.995%,E22<75.995%),3,IF(E22>=75.995%,5,0))) -> 0 | G22: =[20]Outcome!Q246 -> , , , , , , , , , , , , , , , , , , , | H22: =[20]Outcome!M246 -> 0 | I22: Ha | J22: =IF(H22>C22,0,C22-H22) -> 0 | K22: Ha | L22: =J22/E$4*100% -> 0 | M22: =IF(AND(L22>=24.995%,L22<50.995%),1,IF(AND(L22>=50.995%,L22<75.995%),3,IF(L22>=75.995%,5,0))) -> 0
B23: b. Ketidaktersediaan Drainase | C23: =([20]NUMERIK!K38-[20]NUMERIK!K40) -> 2790 | D23: Meter | E23: =C23/[20]NUMERIK!K$38*100% -> 0.26520913 | F23: =IF(AND(E23>=24.995%,E23<50.995%),1,IF(AND(E23>=50.995%,E23<75.995%),3,IF(E23>=75.995%,5,0))) -> 1 | G23: =[20]Outcome!Q266 -> , , , , , , , , , , , , , , , , , , , , , , , , , , , , , , , , , , , , , , , , , , , , | H23: =[20]Outcome!M266 -> 0 | I23: Meter | J23: =IF(H23>C23,0,C23-H23) -> 2790 | K23: Meter | L23: =J23/[20]NUMERIK!K$38*100% -> 0.26520913 | M23: =IF(AND(L23>=24.995%,L23<50.995%),1,IF(AND(L23>=50.995%,L23<75.995%),3,IF(L23>=75.995%,5,0))) -> 1
B24: c. Ketidakterhubungan dgn Sistem Drainase Kota | C24: =[20]NUMERIK!K42 -> 700 | D24: Meter | E24: =C24/[20]NUMERIK!K$38*100% -> 0.066539924 | F24: =IF(AND(E24>=24.995%,E24<50.995%),1,IF(AND(E24>=50.995%,E24<75.995%),3,IF(E24>=75.995%,5,0))) -> 0 | G24: =[20]Outcome!Q311 -> , , , , , , , , , , , , , , , , , , , | H24: =[20]Outcome!M311 -> 0 | I24: Meter | J24: =IF(H24>C24,0,C24-H24) -> 700 | K24: Meter | L24: =J24/[20]NUMERIK!K$38*100% -> 0.066539924 | M24: =IF(AND(L24>=24.995%,L24<50.995%),1,IF(AND(L24>=50.995%,L24<75.995%),3,IF(L24>=75.995%,5,0))) -> 0
B25: d. Tidak terpeliharanya Drainase | C25: =[20]NUMERIK!K45 -> 9930 | D25: Meter | E25: =C25/[20]NUMERIK!K$38*100% -> 0.94391635 | F25: =IF(AND(E25>=24.995%,E25<50.995%),1,IF(AND(E25>=50.995%,E25<75.995%),3,IF(E25>=75.995%,5,0))) -> 5 | G25: =[20]Outcome!Q331 -> , , , , , , , , , , , , , , , , , , , | H25: =[20]Outcome!M331 -> 0 | I25: Meter | J25: =IF(H25>C25,0,C25-H25) -> 9930 | K25: Meter | L25: =J25/[20]NUMERIK!K$38*100% -> 0.94391635 | M25: =IF(AND(L25>=24.995%,L25<50.995%),1,IF(AND(L25>=50.995%,L25<75.995%),3,IF(L25>=75.995%,5,0))) -> 5
B26: e. Kualitas Konstruksi Drainase | C26: =[20]NUMERIK!K48 -> 5065 | D26: Meter | E26: =C26/[20]NUMERIK!K$38*100% -> 0.48146388 | F26: =IF(AND(E26>=24.995%,E26<50.995%),1,IF(AND(E26>=50.995%,E26<75.995%),3,IF(E26>=75.995%,5,0))) -> 1 | G26: =[20]Outcome!Q351 -> Drainase Lingkungan RT003-RW002 , , , , , , , , , , , , , , , , , , , , , , , , , , , , , , , , , , , , , , , , , , , , | H26: =[20]Outcome!M351 -> 581 | I26: Meter | J26: =IF(H26>C26,0,C26-H26) -> 4484 | K26: Meter | L26: =J26/[20]NUMERIK!K$38*100% -> 0.42623574 | M26: =IF(AND(L26>=24.995%,L26<50.995%),1,IF(AND(L26>=50.995%,L26<75.995%),3,IF(L26>=75.995%,5,0))) -> 1
A27: Rata-rata Kondisi Drainase Lingkungan | E27: =IF(SUM(F22:F26)>0,(SUMIF(F22:F26,">0",E22:E26)/5),0) -> 0.33811787 | L27: =IF(SUM(M22:M26)>0,(SUMIF(M22:M26,">0",L22:L26)/5),0) -> 0.32707224
A28: 5. Kondisi Pengelolaan Air Limbah | B28: a. Sistem Pengelolaan Air Limbah Tidak Sesuai Standar Teknis | C28: =[20]NUMERIK!K51 -> 16 | D28: KK | E28: =C28/E$7*100% -> 0.018120045 | F28: =IF(AND(E28>=24.995%,E28<50.995%),1,IF(AND(E28>=50.995%,E28<75.995%),3,IF(E28>=75.995%,5,0))) -> 0 | G28: =[20]Outcome!Q396 -> , , , , , , , , , , , , , , , , , , , , , , , , , , , , , , , , , , , , , , , , , , , , | H28: =[20]Outcome!Q397 -> 0 | I28: KK | J28: =IF(H28>C28,0,C28-H28) -> 16 | K28: KK | L28: =J28/E$7*100% -> 0.018120045 | M28: =IF(AND(L28>=24.995%,L28<50.995%),1,IF(AND(L28>=50.995%,L28<75.995%),3,IF(L28>=75.995%,5,0))) -> 0
B29: b. Prasarana dan Sarana Pengelolaan Air Limbah Tidak Sesuai dengan Persyaratan Teknis | C29: =[20]NUMERIK!K53 -> 24 | D29: KK | E29: =C29/E$7*100% -> 0.027180068 | F29: =IF(AND(E29>=24.995%,E29<50.995%),1,IF(AND(E29>=50.995%,E29<75.995%),3,IF(E29>=75.995%,5,0))) -> 0 | G29: =[20]Outcome!Q441 -> MCK Mandi + Cuci + Kakus RT004-RW002, , , , , , , , , , , , , , , , , , , , , , , , , , , , , , , , , , , , , , , , , , , , , , , , , , , , , , | H29: =[20]Outcome!Q442 -> 0 | I29: KK | J29: =IF(H29>C29,0,C29-H29) -> 24 | K29: KK | L29: =J29/E$7*100% -> 0.027180068 | M29: =IF(AND(L29>=24.995%,L29<50.995%),1,IF(AND(L29>=50.995%,L29<75.995%),3,IF(L29>=75.995%,5,0))) -> 0
A30: Rata-rata Kondisi Penyediaan Air Limbah | E30: =IF(SUM(F28:F29)>0,(SUMIF(F28:F29,">0",E28:E29)/2),0) -> 0 | L30: =IF(SUM(M28:M29)>0,(SUMIF(M28:M29,">0",L28:L29)/2),0) -> 0
A31: 6. Kondisi Pengelolaan Persampahan | B31: a. Prasarana dan Sarana Persampahan Tidak Sesuai dengan persyaratan Teknis | C31: =[20]NUMERIK!K56 -> 704 | D31: KK | E31: =C31/E$7*100% -> 0.79728199 | F31: =IF(AND(E31>=24.995%,E31<50.995%),1,IF(AND(E31>=50.995%,E31<75.995%),3,IF(E31>=75.995%,5,0))) -> 5 | G31: =[20]Outcome!Q496 -> , , , , , , , , , , , , , , , , , , , , , , , , , , , , , , , , , , , , , , , , , , , , | H31: =[20]Outcome!Q497 -> 0 | I31: KK | J31: =IF(H31>C31,0,C31-H31) -> 704 | K31: KK | L31: =J31/E$7*100% -> 0.79728199 | M31: =IF(AND(L31>=24.995%,L31<50.995%),1,IF(AND(L31>=50.995%,L31<75.995%),3,IF(L31>=75.995%,5,0))) -> 5
B32: b. Sistem Pengelolaan Persampahan yang tidak sesuai Standar Teknis | C32: =[20]NUMERIK!K59 -> 840 | D32: KK | E32: =C32/E$7*100% -> 0.95130238 | F32: =IF(AND(E32>=24.995%,E32<50.995%),1,IF(AND(E32>=50.995%,E32<75.995%),3,IF(E32>=75.995%,5,0))) -> 5 | G32: =[20]Outcome!Q541 -> , , , , , , , , , , , , , , , , , , , , , , , , , , , , , , , , , , , , , , , , , , , , | H32: =[20]Outcome!Q542 -> 0 | I32: KK | J32: =IF(H32>C32,0,C32-H32) -> 840 | K32: KK | L32: =J32/E$7*100% -> 0.95130238 | M32: =IF(AND(L32>=24.995%,L32<50.995%),1,IF(AND(L32>=50.995%,L32<75.995%),3,IF(L32>=75.995%,5,0))) -> 5
